No.	Functions	DeviceProperty Code / Command Id	Mode	ILX-LR1	ILCE-1M2	ILCE-1	ILCE-9M3	ILCE-9M2	ILCE-7RM5	ILCE-7RM4A	ILCE-7RM4	ILCE-7CR	ILCE-7SM3	ILCE-7M4	ILCE-7CM2	ILCE-7C	ILCE-6700	MPC-2610	ILME-FX6	ILME-FX2	ILME-FX3A	ILME-FX3	ILME-FX30	PXW-Z200	HXR-NX800	ZV-E1	ZV-E10M2	DSC-RX0M2	ILME-FR7	BRC-AM7
1	Shutter Half Release	:ref:`CrDeviceProperty_S1<dp-S1>`	R/T	✔	✔	✔	✔	✔	✔	✔	✔	✔	✔	✔	✔	✔	✔	\-	\-	✔	✔	✔	✔	\-	\-	✔	✔	✔	\-	\-
2	Shutter Release	:ref:`CrCommandId_Release<command-Release>`	R/T	✔	✔	✔	✔	✔	✔	✔	✔	✔	✔	✔	✔	✔	✔	\-	\-	✔	✔	✔	✔	\-	\-	✔	✔	✔	\-	\-
3	AELock Indication	:ref:`CrDeviceProperty_AEL<dp-AEL>`	R/T	✔	✔	✔	✔	✔	✔	✔	✔	✔	✔	✔	✔	✔	✔	\-	\-	✔	✔	✔	✔	\-	\-	✔	✔	✔	\-	\-
4	FEL Lock Indication	:ref:`CrDeviceProperty_FEL<dp-FEL>`	R/T	\-	✔	✔	✔	✔	✔	✔	✔	✔	✔	✔	✔	✔	✔	\-	\-	✔	✔	✔	\-	\-	\-	✔	✔	\-	\-	\-
5	AWBLock Indication	:ref:`CrDeviceProperty_AWBL<dp-AWBL>`	R/T	✔	✔	✔	✔	✔	✔	✔	✔	✔	✔	✔	✔	✔	✔	\-	\-	✔	✔	✔	✔	\-	\-	✔	✔	✔	\-	\-
6	F-Number	:ref:`CrDeviceProperty_FNumber<dp-FNumber>`	R/T	✔	✔	✔	✔	✔	✔	✔	✔	✔	✔	✔	✔	✔	✔	✔	✔	✔	✔	✔	✔	✔	✔	✔	✔	✔	✔	✔
7	Exposure Bias Compensation	:ref:`CrDeviceProperty_ExposureBiasCompensation<dp-ExposureBiasCompensation>`	R/T	✔	✔	✔	✔	✔	✔	✔	✔	✔	✔	✔	✔	✔	✔	\-	\-	✔	✔	✔	✔	\-	\-	✔	✔	✔	\-	✔
8	Shutter Speed	:ref:`CrDeviceProperty_ShutterSpeed<dp-ShutterSpeed>`	R/T	✔	✔	✔	✔	✔	✔	✔	✔	✔	✔	✔	✔	✔	✔	\-	\-	✔	✔	✔	✔	\-	\-	✔	✔	✔	\-	\-
9	ISO Sensitivity	:ref:`CrDeviceProperty_IsoSensitivity<dp-IsoSensitivity>`	R/T	✔	✔	✔	✔	✔	✔	✔	✔	✔	✔	✔	✔	✔	✔	✔	✔	✔	✔	✔	✔	✔	✔	✔	✔	✔	✔	✔
10	Focus Area	:ref:`CrDeviceProperty_FocusArea<dp-FocusArea>`	R/T	✔	✔	✔	✔	✔	✔	✔	✔	✔	✔	✔	✔	✔	✔	✔	✔	✔	✔	✔	✔	✔	✔	✔	✔	✔	✔	✔
11	Exposure Program Mode	:ref:`CrDeviceProperty_ExposureProgramMode<dp-ExposureProgramMode>`	R/T	✔	✔	✔	✔	✔	✔	✔	✔	✔	✔	✔	✔	✔	✔	\-	\-	✔	✔	✔	✔	\-	\-	✔	✔	✔	\-	\-
12	Compress File Format(Still)	:ref:`CrDeviceProperty_CompressionFileFormatStill<dp-CompressionFileFormatStill>`	R/T	✔	✔	✔	✔	\-	✔	\-	\-	✔	✔	✔	✔	\-	✔	\-	\-	✔	✔	✔	✔	\-	\-	✔	✔	\-	\-	\-
13	File Format(Still)	:ref:`CrDeviceProperty_FileType<dp-FileType>`	R/T	✔	✔	✔	✔	✔	✔	✔	✔	✔	✔	✔	✔	✔	✔	\-	\-	✔	✔	✔	✔	\-	\-	✔	✔	✔	\-	\-
14	Media SLOT1 File Format(Still)	:ref:`CrDeviceProperty_MediaSLOT1_FileType<dp-MediaSLOT1_FileType>`	R/T	\-	✔	✔	✔	\-	✔	\-	\-	\-	✔	✔	\-	\-	\-	\-	\-	✔	✔	✔	✔	\-	\-	\-	\-	\-	\-	\-
15	Media SLOT2 File Format(Still)	:ref:`CrDeviceProperty_MediaSLOT2_FileType<dp-MediaSLOT2_FileType>`	R/T	\-	✔	✔	✔	\-	✔	\-	\-	\-	✔	✔	\-	\-	\-	\-	\-	✔	✔	✔	✔	\-	\-	\-	\-	\-	\-	\-
16	Still Image Quality	:ref:`CrDeviceProperty_StillImageQuality<dp-StillImageQuality>`	R/T	✔	✔	✔	✔	✔	✔	✔	✔	✔	✔	✔	✔	✔	✔	\-	\-	✔	✔	✔	✔	\-	\-	✔	✔	✔	\-	\-
17	Media SLOT1 Image Quality	:ref:`CrDeviceProperty_MediaSLOT1_ImageQuality<dp-MediaSLOT1_ImageQuality>`	R/T	\-	✔	✔	✔	\-	✔	\-	\-	\-	✔	✔	\-	\-	\-	\-	\-	✔	✔	✔	✔	\-	\-	\-	\-	\-	\-	\-
18	Media SLOT2 Image Quality	:ref:`CrDeviceProperty_MediaSLOT2_ImageQuality<dp-MediaSLOT2_ImageQuality>`	R/T	\-	✔	✔	✔	\-	✔	\-	\-	\-	✔	✔	\-	\-	\-	\-	\-	✔	✔	✔	✔	\-	\-	\-	\-	\-	\-	\-
19	White Balance	:ref:`CrDeviceProperty_WhiteBalance<dp-WhiteBalance>`	R/T	✔	✔	✔	✔	✔	✔	✔	✔	✔	✔	✔	✔	✔	✔	\-	\-	✔	✔	✔	✔	\-	\-	✔	✔	✔	\-	\-
20	Focus Mode	:ref:`CrDeviceProperty_FocusMode<dp-FocusMode>`	R/T	✔	✔	✔	✔	✔	✔	✔	✔	✔	✔	✔	✔	✔	✔	\-	\-	✔	✔	✔	✔	\-	\-	✔	✔	✔	\-	\-
21	Exposure Metering Mode	:ref:`CrDeviceProperty_MeteringMode<dp-MeteringMode>`	R/T	✔	✔	✔	✔	✔	✔	✔	✔	✔	✔	✔	✔	✔	✔	\-	\-	✔	✔	✔	✔	\-	\-	✔	✔	✔	\-	✔
22	Flash Mode	:ref:`CrDeviceProperty_FlashMode<dp-FlashMode>`	R/T	\-	✔	✔	✔	✔	✔	✔	✔	✔	✔	✔	✔	✔	✔	\-	\-	✔	✔	✔	\-	\-	\-	✔	✔	\-	\-	\-
23	Flash Compensation	:ref:`CrDeviceProperty_FlashCompensation<dp-FlashCompensation>`	R/T	\-	✔	✔	✔	✔	✔	✔	✔	✔	✔	✔	✔	✔	✔	\-	\-	✔	✔	✔	\-	\-	\-	✔	✔	\-	\-	\-
24	Wireless Flash Setting	:ref:`CrDeviceProperty_WirelessFlash<dp-WirelessFlash>`	R/T	\-	✔	✔	✔	✔	✔	✔	✔	✔	✔	✔	✔	✔	✔	\-	\-	✔	✔	✔	\-	\-	\-	✔	✔	\-	\-	\-
25	Red Eye Reduction	:ref:`CrDeviceProperty_RedEyeReduction<dp-RedEyeReduction>`	R/T	\-	✔	✔	✔	✔	✔	✔	✔	✔	✔	✔	✔	✔	✔	\-	\-	✔	✔	✔	\-	\-	\-	✔	✔	\-	\-	\-
26	Still Capture Mode	:ref:`CrDeviceProperty_DriveMode<dp-DriveMode>`	R/T	✔	✔	✔	✔	✔	✔	✔	✔	✔	✔	✔	✔	✔	✔	\-	\-	✔	✔	✔	✔	\-	\-	✔	✔	✔	\-	\-
27	Dynamic Range Optimizer	:ref:`CrDeviceProperty_DRO<dp-DRO>`	R/T	✔	✔	✔	✔	✔	✔	✔	✔	✔	✔	✔	✔	✔	✔	\-	\-	✔	✔	✔	✔	\-	\-	✔	✔	✔	\-	\-
28	Image Size	:ref:`CrDeviceProperty_ImageSize<dp-ImageSize>`	R/T	✔	✔	✔	✔	✔	✔	✔	✔	✔	✔	✔	✔	✔	✔	\-	\-	✔	✔	✔	✔	\-	\-	✔	✔	✔	\-	\-
29	Media SLOT1 Image Size	:ref:`CrDeviceProperty_MediaSLOT1_ImageSize<dp-MediaSLOT1_ImageSize>`	R/T	\-	✔	✔	✔	\-	✔	\-	\-	\-	✔	✔	\-	\-	\-	\-	\-	✔	✔	✔	✔	\-	\-	\-	\-	\-	\-	\-
30	Media SLOT2 Image Size	:ref:`CrDeviceProperty_MediaSLOT2_ImageSize<dp-MediaSLOT2_ImageSize>`	R/T	\-	✔	✔	✔	\-	✔	\-	\-	\-	✔	✔	\-	\-	\-	\-	\-	✔	✔	✔	✔	\-	\-	\-	\-	\-	\-	\-
31	Aspect Ratio	:ref:`CrDeviceProperty_AspectRatio<dp-AspectRatio>`	R/T	✔	✔	✔	✔	✔	✔	✔	✔	✔	✔	✔	✔	✔	✔	\-	\-	✔	✔	✔	✔	\-	\-	✔	✔	✔	\-	\-
32	Picture Effect 	:ref:`CrDeviceProperty_PictureEffect<dp-PictureEffect>`	R/T	\-	\-	\-	\-	✔	\-	✔	✔	\-	\-	\-	\-	✔	\-	\-	\-	\-	\-	\-	\-	\-	\-	\-	\-	✔	\-	\-
33	Color Temperature	:ref:`CrDeviceProperty_Colortemp<dp-Colortemp>`	R/T	✔	✔	✔	✔	✔	✔	✔	✔	✔	✔	✔	✔	✔	✔	✔	\*1	✔	✔	✔	✔	✔	✔	✔	✔	✔	✔	✔
34	Biaxial Fine Tuning A-B Direction	:ref:`CrDeviceProperty_ColorTuningAB<dp-ColorTuningAB>`	R/T	✔	✔	✔	✔	✔	✔	✔	✔	✔	✔	✔	✔	✔	✔	\-	\-	✔	✔	✔	✔	\-	\-	✔	✔	✔	\-	\-
35	Biaxial Fine Tuning G-M Direction	:ref:`CrDeviceProperty_ColorTuningGM<dp-ColorTuningGM>`	R/T	✔	✔	✔	✔	✔	✔	✔	✔	✔	✔	✔	✔	✔	✔	\-	\-	✔	✔	✔	✔	\-	\-	✔	✔	✔	\-	\-
36	Live View Display Effect	:ref:`CrDeviceProperty_LiveViewDisplayEffect<dp-LiveViewDisplayEffect>`	R/T	\-	✔	✔	✔	✔	✔	✔	✔	✔	✔	✔	✔	✔	✔	\-	\-	✔	✔	✔	✔	\-	\-	✔	✔	✔	\-	\-
37	Still Image Save Destination	:ref:`CrDeviceProperty_StillImageStoreDestination<dp-StillImageStoreDestination>`	R/T	✔	✔	✔	✔	✔	✔	✔	✔	✔	✔	✔	✔	✔	✔	\-	\-	✔	✔	✔	✔	\-	\-	✔	✔	✔	\-	\-
38	Position Key Setting	:ref:`CrDeviceProperty_PriorityKeySettings<dp-PriorityKeySettings>`	R/T	✔	✔	✔	✔	✔	✔	✔	✔	✔	✔	✔	✔	✔	✔	\-	\-	✔	\-	\-	\-	\-	\-	✔	✔	✔	\-	\-
39	Focus Magnifier Setting	:ref:`CrDeviceProperty_Focus_Magnifier_Setting<dp-Focus_Magnifier_Setting>`	R/T	✔	✔	✔	✔	✔	✔	✔	✔	✔	✔	✔	✔	✔	✔	\-	\-	✔	✔	✔	✔	\-	\-	✔	✔	\-	\-	\-
40	Date/Time Setting	:ref:`CrDeviceProperty_DateTime_Settings<dp-DateTime_Settings>`	R/T	✔	✔	✔	✔	✔	✔	✔	✔	✔	✔	✔	✔	✔	✔	\-	\-	✔	✔	✔	✔	\-	\-	✔	✔	✔	\-	\-
41	Focus Near/Far Setting	:ref:`CrDeviceProperty_NearFar<dp-NearFar>`	R/T	✔	✔	✔	✔	✔	✔	✔	✔	✔	✔	✔	✔	✔	✔	\-	\-	✔	✔	✔	✔	\-	\-	✔	✔	✔	\-	\-
42	Live View Image Quality	:ref:`CrDeviceProperty_LiveView_Image_Quality<dp-LiveView_Image_Quality>`	R/T	✔	✔	✔	✔	✔	✔	✔	✔	✔	✔	✔	✔	✔	✔	\-	\-	✔	✔	✔	✔	\-	\-	✔	✔	\-	\-	\-
43	Interval REC Mode	:ref:`CrDeviceProperty_Interval_Rec_Mode<dp-Interval_Rec_Mode>`	R/T	✔	✔	✔	✔	✔	✔	✔	✔	✔	✔	✔	✔	✔	✔	\-	\-	✔	✔	✔	✔	\-	\-	✔	✔	✔	\-	\-
44	Still Image Trans Size	:ref:`CrDeviceProperty_Still_Image_Trans_Size<dp-Still_Image_Trans_Size>`	R/T	✔	✔	✔	✔	✔	✔	✔	✔	✔	✔	✔	✔	✔	✔	\-	\-	✔	✔	✔	✔	\-	\-	✔	✔	\-	\-	\-
45	RAW+J PC Save Image	:ref:`CrDeviceProperty_RAW_J_PC_Save_Image<dp-RAW_J_PC_Save_Image>`	R/T	✔	✔	✔	✔	✔	✔	✔	✔	✔	✔	✔	✔	✔	✔	\-	\-	✔	✔	✔	✔	\-	\-	✔	✔	\-	\-	\-
46	Custom WB Capture Standby	:ref:`CrDeviceProperty_CustomWB_Capture_Standby<dp-CustomWB_Capture_Standby>`	R/T	✔	✔	✔	✔	✔	✔	✔	✔	✔	✔	✔	✔	✔	✔	\-	\-	✔	✔	✔	✔	\-	\-	✔	✔	\-	\-	\-
47	Custom WB Capture Standby Cancel	:ref:`CrDeviceProperty_CustomWB_Capture_Standby_Cancel<dp-CustomWB_Capture_Standby_Cancel>`	R/T	✔	✔	✔	✔	✔	✔	✔	✔	✔	✔	✔	✔	✔	✔	\-	\-	✔	✔	✔	✔	\-	\-	✔	✔	\-	\-	\-
48	Custom WB Capture	:ref:`CrDeviceProperty_CustomWB_Capture<dp-CustomWB_Capture>`	R/T	✔	✔	✔	✔	✔	✔	✔	✔	✔	✔	✔	✔	✔	✔	\-	\-	✔	✔	✔	✔	\-	\-	✔	✔	\-	\-	\-
49	Shooting File Info	:ref:`CrDeviceProperty_SnapshotInfo<dp-SnapshotInfo>`	R/T	✔	✔	✔	✔	✔	✔	✔	✔	✔	✔	✔	✔	✔	✔	\-	\-	✔	✔	✔	✔	\-	\-	✔	✔	✔	\-	\-
50	Battery Remaining	:ref:`CrDeviceProperty_BatteryRemain<dp-BatteryRemain>`	R/C/T	✔	✔	✔	✔	✔	✔	✔	✔	✔	✔	✔	✔	✔	✔	✔	✔	✔	✔	✔	✔	✔	✔	✔	✔	\-	\-	\-
51	Battery Level Indicator	:ref:`CrDeviceProperty_BatteryLevel<dp-BatteryLevel>`	R/C/T	✔	✔	✔	✔	✔	✔	✔	✔	✔	✔	✔	✔	✔	✔	\-	\-	✔	✔	✔	✔	\-	\-	✔	✔	✔	\-	\-
52	Movie Recording State	:ref:`CrDeviceProperty_RecordingState<dp-RecordingState>`	R/T	✔	✔	✔	✔	✔	✔	✔	✔	✔	✔	✔	✔	✔	✔	\-	\-	✔	✔	✔	✔	\-	\-	✔	✔	✔	\-	\-
53	LiveView Status	:ref:`CrDeviceProperty_LiveViewStatus<dp-LiveViewStatus>`	R/T	✔	✔	✔	✔	✔	✔	✔	✔	✔	✔	✔	✔	✔	✔	\-	\-	✔	✔	✔	✔	\-	\-	✔	✔	✔	✔	✔
54	Focus Indication	:ref:`CrDeviceProperty_FocusIndication<dp-FocusIndication>`	R/T	✔	✔	✔	✔	✔	✔	✔	✔	✔	✔	✔	✔	✔	✔	\-	\-	✔	✔	✔	✔	\-	\-	✔	✔	✔	\-	✔
55	Media SLOT1 Status	:ref:`CrDeviceProperty_MediaSLOT1_Status<dp-MediaSLOT1_Status>`	R/T	✔	✔	✔	✔	✔	✔	✔	✔	✔	✔	✔	✔	✔	✔	✔	✔	✔	✔	✔	✔	✔	✔	✔	✔	✔	✔	✔
56	Media SLOT1 Remaining number shots	:ref:`CrDeviceProperty_MediaSLOT1_RemainingNumber<dp-MediaSLOT1_RemainingNumber>`	R/T	✔	✔	✔	✔	✔	✔	✔	✔	✔	✔	✔	✔	✔	✔	\-	\-	✔	✔	✔	✔	\-	\-	✔	✔	✔	\-	\-
57	Media SLOT1 Remaining shooting time	:ref:`CrDeviceProperty_MediaSLOT1_RemainingTime<dp-MediaSLOT1_RemainingTime>`	R/T	✔	✔	✔	✔	✔	✔	✔	✔	✔	✔	✔	✔	✔	✔	✔	✔	✔	✔	✔	✔	✔	✔	✔	✔	✔	✔	✔
58	Media SLOT1 Full Format Enable Status	:ref:`CrDeviceProperty_MediaSLOT1_FormatEnableStatus<dp-MediaSLOT1_FormatEnableStatus>`	R/T	✔	✔	✔	✔	✔	✔	✔	\-	✔	✔	✔	✔	✔	✔	\-	\-	✔	✔	✔	✔	✔	✔	✔	✔	✔	\-	\-
59	Media SLOT1 Quick Format Enable Status	:ref:`CrDeviceProperty_MediaSLOT1_QuickFormatEnableStatus<dp-MediaSLOT1_QuickFormatEnableStatus>`	R/T	✔	✔	✔	✔	\-	✔	\-	\-	✔	✔	✔	✔	\-	✔	\-	\-	✔	✔	✔	✔	✔	✔	✔	✔	\-	\-	\-
60	Media SLOT2 Status	:ref:`CrDeviceProperty_MediaSLOT2_Status<dp-MediaSLOT2_Status>`	R/T	\-	✔	✔	✔	✔	✔	✔	✔	\-	✔	✔	\-	\-	\-	✔	✔	✔	✔	✔	✔	✔	✔	\-	\-	\-	✔	✔
61	Media SLOT2 Remaining number shots	:ref:`CrDeviceProperty_MediaSLOT2_RemainingNumber<dp-MediaSLOT2_RemainingNumber>`	R/T	\-	✔	✔	✔	✔	✔	✔	✔	\-	✔	✔	\-	\-	\-	\-	\-	✔	✔	✔	✔	\-	\-	\-	\-	\-	\-	\-
62	Media SLOT2 Remaining shooting time	:ref:`CrDeviceProperty_MediaSLOT2_RemainingTime<dp-MediaSLOT2_RemainingTime>`	R/T	\-	✔	✔	✔	✔	✔	✔	✔	\-	✔	✔	\-	\-	\-	✔	✔	✔	✔	✔	✔	✔	✔	\-	\-	\-	✔	✔
63	Media SLOT2 Full Format Enable Status	:ref:`CrDeviceProperty_MediaSLOT2_FormatEnableStatus<dp-MediaSLOT2_FormatEnableStatus>`	R/T	\-	✔	✔	✔	✔	✔	✔	\-	\-	✔	✔	\-	\-	\-	\-	\-	✔	✔	✔	✔	✔	✔	\-	\-	\-	\-	\-
64	Media SLOT2 Quick Format Enable Status	:ref:`CrDeviceProperty_MediaSLOT2_QuickFormatEnableStatus<dp-MediaSLOT2_QuickFormatEnableStatus>`	R/T	\-	✔	✔	✔	\-	✔	\-	\-	\-	✔	✔	\-	\-	\-	\-	\-	✔	✔	✔	✔	✔	✔	\-	\-	\-	\-	\-
65	Media Format Progress Rate	:ref:`CrDeviceProperty_Media_FormatProgressRate<dp-Media_FormatProgressRate>`	R/T	✔	✔	✔	✔	✔	✔	✔	\-	✔	✔	✔	✔	✔	✔	\-	\-	✔	✔	✔	✔	✔	✔	✔	✔	✔	\-	\-
66	Execute Format the Media	:ref:`CrCommandId_MediaFormat<command-MediaFormat>`	R/T	✔	✔	✔	✔	✔	✔	✔	\-	✔	✔	✔	✔	✔	✔	\-	\-	✔	✔	✔	✔	✔	✔	✔	✔	\-	\-	\-
67	Execute Quick Format the Media	:ref:`CrCommandId_MediaQuickFormat<command-MediaQuickFormat>`	R/T	✔	✔	✔	✔	\-	✔	\-	\-	✔	✔	✔	✔	\-	✔	\-	\-	✔	✔	✔	✔	✔	✔	✔	✔	\-	\-	\-
68	AF Area Position	:ref:`CrDeviceProperty_AF_Area_Position<dp-AF_Area_Position>`	R/T	✔	✔	✔	✔	✔	✔	✔	✔	✔	✔	✔	✔	✔	✔	\-	\-	✔	✔	✔	✔	\-	\-	✔	✔	✔	\-	\-
69	Zoom Scale	:ref:`CrDeviceProperty_Zoom_Scale<dp-Zoom_Scale>`	R/T	✔	✔	✔	✔	✔	✔	✔	✔	✔	✔	✔	✔	✔	✔	\-	\-	✔	✔	✔	✔	\-	\-	✔	✔	✔	\-	\-
70	Zoom Setting	:ref:`CrDeviceProperty_Zoom_Setting<dp-Zoom_Setting>`	R/T	✔	✔	✔	✔	✔	✔	✔	✔	✔	✔	✔	✔	✔	✔	\-	\-	✔	✔	✔	✔	✔	✔	✔	✔	✔	\-	✔
71	Zoom Operation	:ref:`CrDeviceProperty_Zoom_Operation<dp-Zoom_Operation>`	R/T	✔	✔	✔	✔	✔	✔	✔	✔	✔	✔	✔	✔	✔	✔	✔	✔	✔	✔	✔	✔	✔	✔	✔	✔	✔	\-	\-
72	File Format(Movie)	:ref:`CrDeviceProperty_Movie_File_Format<dp-Movie_File_Format>`	R/T	✔	✔	✔	✔	✔	✔	✔	✔	✔	✔	✔	✔	✔	✔	✔	\*1	✔	✔	✔	✔	\*1	\*1	✔	✔	✔	\*1	\*1
73	Recording Setting(Movie)	:ref:`CrDeviceProperty_Movie_Recording_Setting<dp-Movie_Recording_Setting>`	R/T	✔	✔	✔	✔	✔	✔	✔	✔	✔	✔	✔	✔	✔	✔	\-	\-	✔	✔	✔	✔	\-	\-	✔	✔	✔	\-	\-
74	Recording Frame Rate Setting(Movie)	:ref:`CrDeviceProperty_Movie_Recording_FrameRateSetting<dp-Movie_Recording_FrameRateSetting>`	R/T	✔	✔	✔	✔	\-	✔	\-	\-	✔	✔	✔	✔	\-	✔	✔	\*1	✔	✔	✔	✔	\*1	\*1	✔	✔	\-	✔	✔
75	Interval REC Status	:ref:`CrDeviceProperty_Interval_Rec_Status<dp-Interval_Rec_Status>`	R/T	✔	✔	✔	✔	✔	✔	✔	✔	✔	✔	✔	✔	✔	✔	\-	\-	✔	✔	✔	✔	\-	\-	✔	✔	✔	\-	\-
76	Control Movie Rec button	:ref:`CrCommandId_MovieRecord<command-MovieRecord>`	R/T	✔	✔	✔	✔	✔	✔	✔	✔	✔	✔	✔	✔	✔	✔	\-	\-	✔	✔	✔	✔	✔	✔	✔	✔	✔	\-	✔
77	Custom WB Execution State	:ref:`CrDeviceProperty_CustomWB_Execution_State<dp-CustomWB_Execution_State>`	R/T	✔	✔	✔	✔	✔	✔	✔	✔	✔	✔	✔	✔	✔	✔	\-	\-	✔	✔	✔	✔	\-	\-	✔	✔	\-	\-	\-
78	Custom WB Capturable Area	:ref:`CrDeviceProperty_CustomWB_Capturable_Area<dp-CustomWB_Capturable_Area>`	R/T	✔	✔	✔	✔	✔	✔	✔	✔	✔	✔	✔	✔	✔	✔	\-	\-	✔	✔	✔	✔	\-	\-	✔	✔	\-	\-	\-
79	Custom WB Capture Frame Size	:ref:`CrDeviceProperty_CustomWB_Capture_Frame_Size<dp-CustomWB_Capture_Frame_Size>`	R/T	✔	✔	✔	✔	✔	✔	✔	✔	✔	✔	✔	✔	✔	✔	\-	\-	✔	✔	✔	✔	\-	\-	✔	✔	\-	\-	\-
80	Custom WB Capture Operation Enable Status	:ref:`CrDeviceProperty_CustomWB_Capture_Operation<dp-CustomWB_Capture_Operation>`	R/T	✔	✔	✔	✔	✔	✔	✔	✔	✔	✔	✔	✔	✔	✔	\-	\-	✔	✔	✔	✔	\-	\-	✔	✔	\-	\-	\-
81	Zoom Operation Enable Status	:ref:`CrDeviceProperty_Zoom_Operation_Status<dp-Zoom_Operation_Status>`	R/T	✔	✔	✔	✔	✔	✔	✔	✔	✔	✔	✔	✔	✔	✔	✔	✔	✔	✔	✔	✔	✔	✔	✔	✔	✔	✔	✔
82	Zoom Bar Information	:ref:`CrDeviceProperty_Zoom_Bar_Information<dp-Zoom_Bar_Information>`	R/T	✔	✔	✔	✔	✔	✔	✔	✔	✔	✔	✔	✔	✔	✔	✔	✔	✔	✔	✔	✔	✔	✔	✔	✔	✔	✔	✔
83	Zoom Type Status	:ref:`CrDeviceProperty_Zoom_Type_Status<dp-Zoom_Type_Status>`	R/T	✔	✔	✔	✔	✔	✔	✔	✔	✔	✔	✔	✔	✔	✔	\-	\-	✔	✔	✔	✔	\-	\-	✔	✔	✔	\-	\-
84	RAW File Compression Type	:ref:`CrDeviceProperty_RAW_FileCompressionType<dp-RAW_FileCompressionType>`	R/T	✔	✔	✔	✔	\-	✔	\-	\-	✔	✔	✔	✔	\-	✔	\-	\-	✔	✔	✔	\-	\-	\-	✔	✔	\-	\-	\-
85	Media SLOT1 RAW File Compression Type	:ref:`CrDeviceProperty_MediaSLOT1_RAW_FileCompressionType<dp-MediaSLOT1_RAW_FileCompressionType>`	R/T	\-	✔	✔	✔	\-	✔	\-	\-	\-	✔	✔	\-	\-	\-	\-	\-	✔	✔	✔	\-	\-	\-	\-	\-	\-	\-	\-
86	Media SLOT2 RAW File Compression Type	:ref:`CrDeviceProperty_MediaSLOT2_RAW_FileCompressionType<dp-MediaSLOT2_RAW_FileCompressionType>`	R/T	\-	✔	✔	✔	\-	✔	\-	\-	\-	✔	✔	\-	\-	\-	\-	\-	✔	✔	✔	\-	\-	\-	\-	\-	\-	\-	\-
87	Cancel Media Format Enable Status	:ref:`CrDeviceProperty_Cancel_Media_FormatEnableStatus<dp-Cancel_Media_FormatEnableStatus>`	R/T	✔	✔	✔	✔	\-	✔	\-	\-	✔	✔	✔	✔	\-	✔	\-	\-	✔	✔	✔	✔	✔	✔	✔	✔	\-	\-	\-
88	Cancel Media Format	:ref:`CrCommandId_CancelMediaFormat<command-CancelMediaFormat>`	R/T	✔	✔	✔	✔	\-	✔	\-	\-	✔	✔	✔	✔	\-	✔	\-	\-	✔	✔	✔	✔	✔	✔	✔	✔	\-	\-	\-
89	Shutter Half Release and Release	:ref:`CrCommandId_S1andRelease<command-S1andRelease>`	R/T	✔	✔	✔	✔	✔	✔	\-	\-	✔	✔	✔	✔	✔	✔	\-	\-	✔	✔	✔	✔	\-	\-	✔	✔	\-	\-	\-
90	Save Zoom&FocusPosition in presets	:ref:`CrDeviceProperty_ZoomAndFocusPosition_Save<dp-ZoomAndFocusPosition_Save>`	R/T	✔	✔	✔	✔	\-	✔	\-	\-	✔	✔	✔	✔	\-	✔	\-	\-	✔	✔	✔	✔	\-	\-	✔	✔	\-	\-	\-
91	Load Zoom&FocusPosition from presets	:ref:`CrDeviceProperty_ZoomAndFocusPosition_Load<dp-ZoomAndFocusPosition_Load>`	R/T	✔	✔	✔	✔	\-	✔	\-	\-	✔	✔	✔	✔	\-	✔	\-	\-	✔	✔	✔	✔	\-	\-	✔	✔	\-	\-	\-
92	Remocon Zoom Speed Type	:ref:`CrDeviceProperty_Remocon_Zoom_Speed_Type<dp-Remocon_Zoom_Speed_Type>`	R/T	✔	✔	✔	✔	\-	✔	\-	\-	✔	✔	✔	✔	\-	✔	\-	\-	✔	✔	✔	✔	\-	\-	✔	✔	\-	\-	\-
93	Zoom Speed Range	:ref:`CrDeviceProperty_Zoom_Speed_Range<dp-Zoom_Speed_Range>`	R/T	✔	✔	✔	✔	\-	✔	\-	\-	✔	✔	✔	✔	\-	✔	✔	✔	✔	✔	✔	✔	✔	✔	✔	✔	\-	\-	\-
94	Sdk Control Mode	:ref:`CrDeviceProperty_SdkControlMode<dp-SdkControlMode>`	R/C/T	✔	✔	✔	✔	✔	✔	✔	✔	✔	✔	✔	✔	✔	✔	✔	✔	✔	✔	✔	✔	✔	✔	✔	✔	✔	✔	✔
95	Get content accessibility status	:ref:`CrDeviceProperty_ContentsTransferStatus<dp-ContentsTransferStatus>`	C	✔	✔	✔	✔	\-	✔	✔	\-	✔	✔	✔	✔	✔	✔	\-	\-	✔	✔	✔	✔	\-	\-	✔	✔	✔	\-	\-
96	Cancel Content transfer Enable Status	:ref:`CrDeviceProperty_ContentsTransferCancelEnableStatus<dp-ContentsTransferCancelEnableStatus>`	C	✔	✔	✔	✔	\-	✔	✔	\-	✔	✔	✔	✔	✔	✔	\-	\-	✔	✔	✔	✔	\-	\-	✔	✔	✔	\-	\-
97	Content transfer Progress	:ref:`CrDeviceProperty_ContentsTransferProgress<dp-ContentsTransferProgress>`	C	✔	✔	✔	✔	\-	✔	✔	\-	✔	✔	✔	✔	✔	✔	\-	\-	✔	✔	✔	✔	\-	\-	✔	✔	✔	\-	\-
98	Cancel Contents transfer	:ref:`CrCommandId_CancelContentsTransfer<command-CancelContentsTransfer>`	C	✔	✔	✔	✔	\-	✔	✔	\-	✔	✔	✔	✔	✔	✔	\-	\-	✔	✔	✔	✔	\-	\-	✔	✔	✔	\-	\-
99	Iris Mode Setting	:ref:`CrDeviceProperty_IrisModeSetting<dp-IrisModeSetting>`	R/T	\-	✔	✔	✔	\-	✔	\-	\-	✔	✔	\-	✔	\-	\-	✔	✔	✔	✔	✔	✔	✔	✔	\-	\-	\-	✔	✔
100	Shutter Mode Setting	:ref:`CrDeviceProperty_ShutterModeSetting<dp-ShutterModeSetting>`	R/T	\-	✔	✔	✔	\-	✔	\-	\-	✔	✔	\-	✔	\-	\-	✔	✔	✔	✔	✔	✔	✔	✔	\-	\-	\-	✔	✔
101	Gain Control Setting	:ref:`CrDeviceProperty_GainControlSetting<dp-GainControlSetting>`	R/T	\-	✔	✔	✔	\-	✔	\-	\-	✔	✔	\-	✔	\-	\-	✔	✔	✔	✔	✔	✔	✔	✔	\-	\-	\-	✔	✔
102	Gain Base Iso Sensitivity	:ref:`CrDeviceProperty_GainBaseIsoSensitivity<dp-GainBaseIsoSensitivity>`	R/T	\-	\-	\-	\-	\-	\-	\-	\-	\-	\-	\-	\-	\-	\-	✔	✔	✔	✔	✔	✔	\-	\-	\-	\-	\-	✔	\-
103	Gain Base Sensitivity	:ref:`CrDeviceProperty_GainBaseSensitivity<dp-GainBaseSensitivity>`	R/T	\-	\-	\-	\-	\-	\-	\-	\-	\-	\-	\-	\-	\-	\-	✔	✔	\-	\-	\-	\-	\-	\-	\-	\-	\-	✔	\-
104	Exposure Index	:ref:`CrDeviceProperty_ExposureIndex<dp-ExposureIndex>`	R/T	\-	\-	\-	\-	\-	\-	\-	\-	\-	\-	\-	\-	\-	\-	✔	✔	✔	✔	✔	✔	\-	\-	\-	\-	\-	✔	\-
105	BaseLook Value	:ref:`CrDeviceProperty_BaseLookValue<dp-BaseLookValue>`	R/T	✔	✔	\-	\-	\-	\-	\-	\-	\-	\-	\-	\-	\-	\-	✔	✔	✔	✔	✔	✔	✔	✔	✔	✔	\-	✔	✔
106	Playback Media	:ref:`CrDeviceProperty_PlaybackMedia<dp-PlaybackMedia>`	R/T	\-	\*1	\-	\*1	\-	✔	\-	\-	\-	\-	✔	\-	\-	\-	\-	\-	\*1	✔	✔	✔	\-	\-	\-	\-	\-	\-	\-
107	Monitor DISP(Screen Display) Mode Candidate	:ref:`CrDeviceProperty_DispModeCandidate<dp-DispModeCandidate>`	R/T	✔	✔	✔	✔	\-	✔	\-	\-	✔	✔	✔	✔	\-	✔	\-	\-	✔	✔	✔	✔	\-	\-	✔	✔	\-	\-	\-
108	Monitor DISP(Screen Display) Mode Setting	:ref:`CrDeviceProperty_DispModeSetting<dp-DispModeSetting>`	R/T	✔	✔	✔	✔	\-	✔	\-	\-	✔	✔	✔	✔	\-	✔	\-	\-	✔	✔	✔	✔	\-	\-	✔	✔	\-	\-	\-
109	Monitor DISP(Screen Display) Mode	:ref:`CrDeviceProperty_DispMode<dp-DispMode>`	R/T	✔	✔	✔	✔	\-	✔	\-	\-	✔	✔	✔	✔	\-	✔	\-	\-	✔	✔	✔	✔	\-	\-	✔	✔	\-	\-	\-
110	Touch Operation	:ref:`CrDeviceProperty_TouchOperation<dp-TouchOperation>`	R/T	\-	✔	✔	✔	\-	✔	\-	\-	✔	✔	✔	✔	\-	✔	\-	\-	✔	✔	✔	✔	\-	\-	✔	✔	\-	\-	\-
111	Select Finder/Monitor	:ref:`CrDeviceProperty_SelectFinder<dp-SelectFinder>`	R/T	\-	✔	✔	✔	\-	✔	\-	\-	✔	✔	✔	✔	\-	✔	\-	\-	✔	\-	\-	\-	\-	\-	\-	\-	\-	\-	\-
112	Auto Power OFF Temperature	:ref:`CrDeviceProperty_AutoPowerOffTemperature<dp-AutoPowerOffTemperature>`	R/T	\-	✔	✔	✔	\-	✔	\-	\-	✔	✔	✔	✔	\-	✔	\-	\-	✔	✔	✔	✔	\-	\-	✔	✔	\-	\-	\-
113	Body Key Lock	:ref:`CrDeviceProperty_BodyKeyLock<dp-BodyKeyLock>`	R/T	✔	✔	✔	✔	\-	✔	\-	\-	✔	✔	✔	✔	\-	✔	\-	\-	✔	✔	✔	✔	\-	\-	✔	✔	\-	\-	\-
114	Image ID(Numerical Value) Setting	:ref:`CrDeviceProperty_ImageID_Num_Setting<dp-ImageID_Num_Setting>`	R/T	✔	✔	✔	✔	\-	✔	\-	\-	✔	✔	✔	✔	\-	✔	\-	\-	✔	✔	✔	✔	\-	\-	✔	✔	\-	\-	\-
115	Image ID(Numerical Value)	:ref:`CrDeviceProperty_ImageID_Num<dp-ImageID_Num>`	R/T	✔	✔	✔	✔	\-	✔	\-	\-	✔	✔	✔	✔	\-	✔	\-	\-	✔	✔	✔	✔	\-	\-	✔	✔	\-	\-	\-
116	Image ID(String)	:ref:`CrDeviceProperty_ImageID_String<dp-ImageID_String>`	R/T	✔	✔	✔	✔	\-	✔	\-	\-	✔	✔	✔	✔	\-	✔	\-	\-	✔	✔	✔	✔	\-	\-	✔	✔	\-	\-	\-
117	Exposure Control Mode	:ref:`CrDeviceProperty_ExposureCtrlType<dp-ExposureCtrlType>`	R/T	\-	✔	✔	✔	\-	✔	\-	\-	✔	✔	\-	✔	\-	\-	\-	\-	✔	✔	✔	✔	\-	\-	\-	\-	\-	\-	\-
118	Monitor LUT Setting(All Line)	:ref:`CrDeviceProperty_MonitorLUTSetting<dp-MonitorLUTSetting>`	R/T	✔	✔	\-	\-	\-	\-	\-	\-	\-	\-	\-	\-	\-	\-	\-	\-	✔	✔	✔	✔	\-	\-	✔	✔	\-	\-	\-
119	ISO Current Sensitivity	:ref:`CrDeviceProperty_IsoCurrentSensitivity<dp-IsoCurrentSensitivity>`	R/T	✔	✔	✔	✔	\-	✔	\-	\-	✔	✔	\-	✔	\-	✔	✔	✔	✔	✔	✔	✔	✔	✔	✔	✔	\-	✔	✔
120	Camera-Setting Save Operation Enable Status	:ref:`CrDeviceProperty_CameraSetting_SaveOperationEnableStatus<dp-CameraSetting_SaveOperationEnableStatus>`	R/T	✔	✔	✔	✔	\-	✔	\-	\-	✔	✔	✔	✔	\-	✔	\-	\-	✔	✔	✔	✔	\-	\-	✔	✔	\-	\-	\-
121	Camera-Setting Read Operation Enable Status	:ref:`CrDeviceProperty_CameraSetting_ReadOperationEnableStatus<dp-CameraSetting_ReadOperationEnableStatus>`	R/T	✔	✔	✔	✔	\-	✔	\-	\-	✔	✔	✔	✔	\-	✔	\-	\-	✔	✔	✔	✔	\-	\-	✔	✔	\-	\-	\-
122	Camera-Setting Save/Read State	:ref:`CrDeviceProperty_CameraSetting_SaveRead_State<dp-CameraSetting_SaveRead_State>`	R/T	✔	✔	✔	✔	\-	✔	\-	\-	✔	✔	✔	✔	\-	✔	\-	\-	✔	✔	✔	✔	\-	\-	✔	✔	\-	\-	\-
123	Camera Setting Reset Enable Status	:ref:`CrDeviceProperty_CameraSettingsResetEnableStatus<dp-CameraSettingsResetEnableStatus>`	R/T	✔	✔	✔	✔	\-	✔	\-	\-	✔	✔	✔	✔	\-	✔	\-	\-	✔	✔	✔	✔	\-	\-	✔	✔	\-	\-	\-
124	Execute Camera Setting Reset	:ref:`CrCommandId_CameraSettingsReset<command-CameraSettingsReset>`	R/T	✔	✔	✔	✔	\-	✔	\-	\-	✔	✔	✔	✔	\-	✔	\-	\-	✔	✔	✔	✔	\-	\-	✔	✔	\-	\-	\-
125	APS-C or Full Switching Setting	:ref:`CrDeviceProperty_APS_C_or_Full_SwitchingSetting<dp-APS_C_or_Full_SwitchingSetting>`	R/T	✔	✔	✔	✔	\-	✔	\-	\-	✔	✔	✔	✔	\-	\-	\-	\-	✔	✔	✔	\-	\-	\-	✔	\-	\-	\-	\-
126	APS-C or Full Switching Enable Status	:ref:`CrDeviceProperty_APS_C_or_Full_SwitchingEnableStatus<dp-APS_C_or_Full_SwitchingEnableStatus>`	R/T	✔	✔	✔	✔	\-	✔	\-	\-	✔	✔	✔	✔	\-	\-	\-	\-	✔	✔	✔	\-	\-	\-	✔	✔	\-	\-	\-
127	Execute APS-C or Full Switching	:ref:`CrCommandId_APS_C_or_Full_Switching<command-APS_C_or_Full_Switching>`	R/T	✔	✔	✔	✔	\-	✔	\-	\-	✔	✔	✔	✔	\-	\-	\-	\-	✔	✔	✔	\-	\-	\-	✔	\-	\-	\-	\-
128	Execute Movie Rec Button (2nd)	:ref:`CrCommandId_MovieRecButtonToggle<command-MovieRecButtonToggle>`	R/T	\-	\-	\-	\-	\-	\-	\-	\-	\-	\-	\-	\-	\-	\-	✔	✔	\-	\-	\-	\-	✔	✔	\-	\-	\-	✔	✔
129	Execute Cancel Remote Touch Operation	:ref:`CrCommandId_CancelRemoteTouchOperation<command-CancelRemoteTouchOperation>`	R/T	\-	✔	✔	✔	✔	✔	\-	\-	✔	✔	✔	✔	✔	✔	✔	✔	✔	✔	✔	✔	✔	✔	✔	✔	\-	✔	✔
130	Focal Distance in Meter	:ref:`CrDeviceProperty_FocalDistanceInMeter<dp-FocalDistanceInMeter>`	R/T	\*1	\*1	\*1	\*1	\-	\-	\-	\-	\-	\*1	\-	\-	\-	\-	\*1	\*1	\*1	\-	\-	\-	\*1	\*1	\-	\*1	\-	\*1	\*1
131	Focal Distance in Feet	:ref:`CrDeviceProperty_FocalDistanceInFeet<dp-FocalDistanceInFeet>`	R/T	\-	\-	\-	\-	\-	\-	\-	\-	\-	\-	\-	\-	\-	\-	\*1	\*1	\-	\-	\-	\-	\*1	\*1	\-	\-	\-	\*1	\*1
132	Focal Distance Unit Setting	:ref:`CrDeviceProperty_FocalDistanceUnitSetting<dp-FocalDistanceUnitSetting>`	R/T	\-	\-	\-	\-	\-	\-	\-	\-	\-	\-	\-	\-	\-	\-	\*1	\*1	\-	\-	\-	\-	\*1	\*1	\-	\-	\-	\*1	\*1
133	Digital Zoom Scale	:ref:`CrDeviceProperty_DigitalZoomScale<dp-DigitalZoomScale>`	R/T	\-	\-	\-	\-	\-	\-	\-	\-	\-	\-	\-	\-	\-	\-	\*1	\*1	\-	\-	\-	\-	\*1	\*1	\-	\-	\-	\*1	\*1
134	Zoom Distance	:ref:`CrDeviceProperty_ZoomDistance<dp-ZoomDistance>`	R/T	\*1	\*1	\*1	\*1	\-	\*1	\-	\-	\*1	\*1	\*1	\*1	\-	✔	\*1	\*1	\*1	\*1	\*1	\*1	\*1	\*1	\*1	\*1	\-	\*1	\*1
135	Zoom Distance Unit Setting	:ref:`CrDeviceProperty_ZoomDistanceUnitSetting<dp-ZoomDistanceUnitSetting>`	R/T	\-	\-	\-	\-	\-	\-	\-	\-	\-	\-	\-	\-	\-	\-	\*1	\*1	\-	\-	\-	\-	\*1	\*1	\-	\-	\-	\*1	\*1
136	Shutter Mode Status	:ref:`CrDeviceProperty_ShutterModeStatus<dp-ShutterModeStatus>`	R/T	\-	\-	\-	\-	\-	\-	\-	\-	\-	\-	\-	\-	\-	\-	✔	✔	\-	\-	\-	\-	✔	✔	\-	\-	\-	✔	✔
137	Shutter Slow	:ref:`CrDeviceProperty_ShutterSlow<dp-ShutterSlow>`	R/T	\-	\-	\-	\-	\-	\-	\-	\-	\-	\-	\-	\-	\-	\-	✔	✔	✔	✔	✔	✔	✔	✔	\-	\-	\-	\*1	\*1
138	Shutter Slow Frames	:ref:`CrDeviceProperty_ShutterSlowFrames<dp-ShutterSlowFrames>`	R/T	\-	\-	\-	\-	\-	\-	\-	\-	\-	\-	\-	\-	\-	\-	✔	✔	✔	✔	✔	✔	✔	✔	\-	\-	\-	✔	✔
139	Recording Resolution For Main(Movie)	:ref:`CrDeviceProperty_Movie_Recording_ResolutionForMain<dp-Movie_Recording_ResolutionForMain>`	R/T	\-	\-	\-	\-	\-	\-	\-	\-	\-	\-	\-	\-	\-	\-	✔	\*1	\-	\-	\-	\-	\*1	\*1	\-	\-	\-	\*1	\*1
140	Recording Resolution For Proxy(Movie)	:ref:`CrDeviceProperty_Movie_Recording_ResolutionForProxy<dp-Movie_Recording_ResolutionForProxy>`	R/T	\-	\-	\-	\-	\-	\-	\-	\-	\-	\-	\-	\-	\-	\-	\*1	\*1	\-	\-	\-	\-	\*1	\*1	\-	\-	\-	\-	\-
141	Recording Frame Rate Proxy Setting(Movie)	:ref:`CrDeviceProperty_Movie_Recording_FrameRateProxySetting<dp-Movie_Recording_FrameRateProxySetting>`	R/T	\-	\-	\-	\-	\-	\-	\-	\-	\-	\-	\-	\-	\-	\-	\*1	\*1	\-	\-	\-	\-	\*1	\*1	\-	\-	\-	\*1	\*1
142	Movie Shooting Mode	:ref:`CrDeviceProperty_MovieShootingMode<dp-MovieShootingMode>`	R/T	✔	✔	\-	✔	\-	\-	\-	\-	✔	\-	\-	✔	\-	✔	✔	\*1	✔	✔	✔	✔	✔	✔	\-	✔	\-	✔	✔
143	Movie Shooting Mode Color Gamut	:ref:`CrDeviceProperty_MovieShootingModeColorGamut<dp-MovieShootingModeColorGamut>`	R/T	✔	✔	\-	✔	\-	\-	\-	\-	✔	\-	\-	✔	\-	✔	✔	\*1	✔	✔	✔	✔	\*1	\*1	\-	✔	\-	\*1	\*1
144	Movie Shooting Mode Target Display	:ref:`CrDeviceProperty_MovieShootingModeTargetDisplay<dp-MovieShootingModeTargetDisplay>`	R/T	\-	\-	\-	\-	\-	\-	\-	\-	\-	\-	\-	\-	\-	\-	\*1	\*1	\-	\-	\-	\-	✔	✔	\-	\-	\-	✔	\*1
145	Depth of Field Adjustment Mode	:ref:`CrDeviceProperty_DepthOfFieldAdjustmentMode<dp-DepthOfFieldAdjustmentMode>`	R/T	\-	\-	\-	\-	\-	\-	\-	\-	\-	\-	\-	\-	\-	\-	\*1	\*1	\-	\-	\-	\-	\-	\-	\-	\-	\-	✔	\-
146	Depth of Field Adjustment Interlocking Mode State	:ref:`CrDeviceProperty_DepthOfFieldAdjustmentInterlockingMode<dp-DepthOfFieldAdjustmentInterlockingMode>`	R/T	\-	\-	\-	\-	\-	\-	\-	\-	\-	\-	\-	\-	\-	\-	✔	✔	\-	\-	\-	\-	\-	\-	\-	\-	\-	✔	\-
147	Color Temperature Step	:ref:`CrDeviceProperty_ColortempStep<dp-ColortempStep>`	R/T	\-	\-	\-	\-	\-	\-	\-	\-	\-	\-	\-	\-	\-	\-	✔	✔	\-	\-	\-	\-	✔	✔	\-	\-	\-	✔	✔
148	White Balance Mode Setting	:ref:`CrDeviceProperty_WhiteBalanceModeSetting<dp-WhiteBalanceModeSetting>`	R/T	\-	\-	\-	\-	\-	\-	\-	\-	\-	\-	\-	\-	\-	\-	✔	✔	\-	\-	\-	\-	✔	✔	\-	\-	\-	✔	✔
149	White Balance Tint	:ref:`CrDeviceProperty_WhiteBalanceTint<dp-WhiteBalanceTint>`	R/T	\-	\-	\-	\-	\-	\-	\-	\-	\-	\-	\-	\-	\-	\-	✔	\*1	\-	\-	\-	\-	✔	✔	\-	\-	\-	✔	✔
150	White Balance Tint Step	:ref:`CrDeviceProperty_WhiteBalanceTintStep<dp-WhiteBalanceTintStep>`	R/T	\-	\-	\-	\-	\-	\-	\-	\-	\-	\-	\-	\-	\-	\-	✔	✔	\-	\-	\-	\-	✔	✔	\-	\-	\-	✔	✔
151	Execute the Focus Operation	:ref:`CrDeviceProperty_Focus_Operation<dp-Focus_Operation>`	R/T	\-	\-	\-	\-	\-	\-	\-	\-	\-	\-	\-	\-	\-	\-	✔	✔	\-	\-	\-	\-	✔	✔	\-	\-	\-	✔	✔
152	Focus Speed Range	:ref:`CrDeviceProperty_Focus_Speed_Range<dp-Focus_Speed_Range>`	R/T	\-	\-	\-	\-	\-	\-	\-	\-	\-	\-	\-	\-	\-	\-	✔	✔	\-	\-	\-	\-	✔	✔	\-	\-	\-	✔	✔
153	Shutter ECS Setting	:ref:`CrDeviceProperty_ShutterECSSetting<dp-ShutterECSSetting>`	R/T	\-	\-	\-	\-	\-	\-	\-	\-	\-	\-	\-	\-	\-	\-	✔	✔	\-	\-	\-	\-	✔	✔	\-	\-	\-	✔	✔
154	Shutter ECS Number	:ref:`CrDeviceProperty_ShutterECSNumber<dp-ShutterECSNumber>`	R/T	\-	\-	\-	\-	\-	\-	\-	\-	\-	\-	\-	\-	\-	\-	\*1	\*1	\-	\-	\-	\-	\*1	\*1	\-	\-	\-	\*1	\*1
155	Shutter ECS Number Step	:ref:`CrDeviceProperty_ShutterECSNumberStep<dp-ShutterECSNumberStep>`	R/T	\-	\-	\-	\-	\-	\-	\-	\-	\-	\-	\-	\-	\-	\-	✔	✔	\-	\-	\-	\-	✔	✔	\-	\-	\-	✔	✔
156	Shutter ECS Frequency	:ref:`CrDeviceProperty_ShutterECSFrequency<dp-ShutterECSFrequency>`	R/T	\-	\-	\-	\-	\-	\-	\-	\-	\-	\-	\-	\-	\-	\-	\*1	\*1	\-	\-	\-	\-	\*1	\*1	\-	\-	\-	\*1	\*1
157	Button Assignment Assignable 1	:ref:`CrDeviceProperty_ButtonAssignmentAssignable1<dp-ButtonAssignmentAssignable1>`	R/T	\-	\-	\-	\-	\-	\-	\-	\-	\-	\-	\-	\-	\-	\-	✔	✔	\-	\-	\-	\-	✔	✔	\-	\-	\-	✔	✔
158	Button Assignment Assignable 2	:ref:`CrDeviceProperty_ButtonAssignmentAssignable2<dp-ButtonAssignmentAssignable2>`	R/T	\-	\-	\-	\-	\-	\-	\-	\-	\-	\-	\-	\-	\-	\-	✔	✔	\-	\-	\-	\-	✔	✔	\-	\-	\-	✔	✔
159	Button Assignment Assignable 3	:ref:`CrDeviceProperty_ButtonAssignmentAssignable3<dp-ButtonAssignmentAssignable3>`	R/T	\-	\-	\-	\-	\-	\-	\-	\-	\-	\-	\-	\-	\-	\-	✔	✔	\-	\-	\-	\-	✔	✔	\-	\-	\-	✔	✔
160	Button Assignment Assignable 4	:ref:`CrDeviceProperty_ButtonAssignmentAssignable4<dp-ButtonAssignmentAssignable4>`	R/T	\-	\-	\-	\-	\-	\-	\-	\-	\-	\-	\-	\-	\-	\-	✔	✔	\-	\-	\-	\-	✔	✔	\-	\-	\-	✔	✔
161	Button Assignment Assignable 5	:ref:`CrDeviceProperty_ButtonAssignmentAssignable5<dp-ButtonAssignmentAssignable5>`	R/T	\-	\-	\-	\-	\-	\-	\-	\-	\-	\-	\-	\-	\-	\-	✔	✔	\-	\-	\-	\-	✔	✔	\-	\-	\-	✔	✔
162	Button Assignment Assignable 6	:ref:`CrDeviceProperty_ButtonAssignmentAssignable6<dp-ButtonAssignmentAssignable6>`	R/T	\-	\-	\-	\-	\-	\-	\-	\-	\-	\-	\-	\-	\-	\-	✔	✔	\-	\-	\-	\-	✔	✔	\-	\-	\-	✔	✔
163	Button Assignment Assignable 7	:ref:`CrDeviceProperty_ButtonAssignmentAssignable7<dp-ButtonAssignmentAssignable7>`	R/T	\-	\-	\-	\-	\-	\-	\-	\-	\-	\-	\-	\-	\-	\-	✔	✔	\-	\-	\-	\-	✔	✔	\-	\-	\-	✔	✔
164	Button Assignment Assignable 8	:ref:`CrDeviceProperty_ButtonAssignmentAssignable8<dp-ButtonAssignmentAssignable8>`	R/T	\-	\-	\-	\-	\-	\-	\-	\-	\-	\-	\-	\-	\-	\-	✔	✔	\-	\-	\-	\-	✔	✔	\-	\-	\-	✔	✔
165	Button Assignment Assignable 9	:ref:`CrDeviceProperty_ButtonAssignmentAssignable9<dp-ButtonAssignmentAssignable9>`	R/T	\-	\-	\-	\-	\-	\-	\-	\-	\-	\-	\-	\-	\-	\-	✔	✔	\-	\-	\-	\-	✔	✔	\-	\-	\-	✔	✔
166	Button Assignment LensAssignable 1	:ref:`CrDeviceProperty_ButtonAssignmentLensAssignable1<dp-ButtonAssignmentLensAssignable1>`	R/T	\-	\-	\-	\-	\-	\-	\-	\-	\-	\-	\-	\-	\-	\-	✔	✔	\-	\-	\-	\-	✔	✔	\-	\-	\-	✔	✔
167	Assignable Button 1	:ref:`CrDeviceProperty_AssignableButton1<dp-AssignableButton1>`	R/T	\-	\-	\-	\-	\-	\-	\-	\-	\-	\-	\-	\-	\-	\-	✔	✔	\-	\-	\-	\-	✔	✔	\-	\-	\-	✔	✔
168	Assignable Button 2	:ref:`CrDeviceProperty_AssignableButton2<dp-AssignableButton2>`	R/T	\-	\-	\-	\-	\-	\-	\-	\-	\-	\-	\-	\-	\-	\-	✔	✔	\-	\-	\-	\-	✔	✔	\-	\-	\-	✔	✔
169	Assignable Button 3	:ref:`CrDeviceProperty_AssignableButton3<dp-AssignableButton3>`	R/T	\-	\-	\-	\-	\-	\-	\-	\-	\-	\-	\-	\-	\-	\-	✔	✔	\-	\-	\-	\-	✔	✔	\-	\-	\-	✔	✔
170	Assignable Button 4	:ref:`CrDeviceProperty_AssignableButton4<dp-AssignableButton4>`	R/T	\-	\-	\-	\-	\-	\-	\-	\-	\-	\-	\-	\-	\-	\-	✔	✔	\-	\-	\-	\-	✔	✔	\-	\-	\-	✔	✔
171	Assignable Button 5	:ref:`CrDeviceProperty_AssignableButton5<dp-AssignableButton5>`	R/T	\-	\-	\-	\-	\-	\-	\-	\-	\-	\-	\-	\-	\-	\-	✔	✔	\-	\-	\-	\-	✔	✔	\-	\-	\-	✔	✔
172	Assignable Button 6	:ref:`CrDeviceProperty_AssignableButton6<dp-AssignableButton6>`	R/T	\-	\-	\-	\-	\-	\-	\-	\-	\-	\-	\-	\-	\-	\-	✔	✔	\-	\-	\-	\-	✔	✔	\-	\-	\-	✔	✔
173	Assignable Button 7	:ref:`CrDeviceProperty_AssignableButton7<dp-AssignableButton7>`	R/T	\-	\-	\-	\-	\-	\-	\-	\-	\-	\-	\-	\-	\-	\-	✔	✔	\-	\-	\-	\-	✔	✔	\-	\-	\-	✔	✔
174	Assignable Button 8	:ref:`CrDeviceProperty_AssignableButton8<dp-AssignableButton8>`	R/T	\-	\-	\-	\-	\-	\-	\-	\-	\-	\-	\-	\-	\-	\-	✔	✔	\-	\-	\-	\-	✔	✔	\-	\-	\-	✔	✔
175	Assignable Button 9	:ref:`CrDeviceProperty_AssignableButton9<dp-AssignableButton9>`	R/T	\-	\-	\-	\-	\-	\-	\-	\-	\-	\-	\-	\-	\-	\-	✔	✔	\-	\-	\-	\-	✔	✔	\-	\-	\-	✔	✔
176	LensAssignable Button 1	:ref:`CrDeviceProperty_LensAssignableButton1<dp-LensAssignableButton1>`	R/T	\-	\-	\-	\-	\-	\-	\-	\-	\-	\-	\-	\-	\-	\-	✔	✔	\-	\-	\-	\-	✔	✔	\-	\-	\-	✔	✔
177	Focus Mode Setting	:ref:`CrDeviceProperty_FocusModeSetting<dp-FocusModeSetting>`	R/T	✔	✔	✔	✔	\-	✔	\-	\-	✔	✔	\-	✔	\-	\-	✔	✔	✔	✔	✔	✔	✔	✔	\-	✔	\-	✔	✔
178	Shutter Angle	:ref:`CrDeviceProperty_ShutterAngle<dp-ShutterAngle>`	R/T	\-	\-	\-	\-	\-	\-	\-	\-	\-	\-	\-	\-	\-	\-	✔	✔	✔	✔	✔	✔	✔	✔	\-	\-	\-	✔	✔
179	Shutter Setting	:ref:`CrDeviceProperty_ShutterSetting<dp-ShutterSetting>`	R/T	\-	\-	\-	\-	\-	\-	\-	\-	\-	\-	\-	\-	\-	\-	✔	✔	\-	\-	\-	\-	✔	✔	\-	\-	\-	✔	✔
180	Shutter Mode	:ref:`CrDeviceProperty_ShutterMode<dp-ShutterMode>`	R/T	\-	\-	\-	\-	\-	\-	\-	\-	\-	\-	\-	\-	\-	\-	✔	✔	✔	✔	✔	✔	✔	✔	\-	\-	\-	✔	✔
181	Shutter Speed Value	:ref:`CrDeviceProperty_ShutterSpeedValue<dp-ShutterSpeedValue>`	R/T	\-	\-	\-	\-	\-	\-	\-	\-	\-	\-	\-	\-	\-	\-	✔	✔	\-	\-	\-	\-	✔	✔	\-	\-	\-	✔	✔
182	Shutter Speed Current Value	:ref:`CrDeviceProperty_ShutterSpeedCurrentValue<dp-ShutterSpeedCurrentValue>`	R/T	\-	\-	\-	\-	\-	\-	\-	\-	\-	\-	\-	\-	\-	\-	✔	✔	\-	\-	\-	\-	✔	✔	\-	\-	\-	✔	✔
183	ND Filter	:ref:`CrDeviceProperty_NDFilter<dp-NDFilter>`	R/T	\-	\-	\-	\-	\-	\-	\-	\-	\-	\-	\-	\-	\-	\-	✔	✔	\-	\-	\-	\-	✔	✔	\-	\-	\-	✔	✔
184	ND Filter Mode	:ref:`CrDeviceProperty_NDFilterMode<dp-NDFilterMode>`	R/T	\-	\-	\-	\-	\-	\-	\-	\-	\-	\-	\-	\-	\-	\-	✔	✔	\-	\-	\-	\-	✔	✔	\-	\-	\-	✔	✔
185	ND Filter Mode Setting	:ref:`CrDeviceProperty_NDFilterModeSetting<dp-NDFilterModeSetting>`	R/T	\-	\-	\-	\-	\-	\-	\-	\-	\-	\-	\-	\-	\-	\-	✔	✔	\-	\-	\-	\-	✔	✔	\-	\-	\-	✔	✔
186	ND Filter Value	:ref:`CrDeviceProperty_NDFilterValue<dp-NDFilterValue>`	R/T	\-	\-	\-	\-	\-	\-	\-	\-	\-	\-	\-	\-	\-	\-	✔	✔	\-	\-	\-	\-	✔	✔	\-	\-	\-	✔	✔
187	Gain Unit Setting	:ref:`CrDeviceProperty_GainUnitSetting<dp-GainUnitSetting>`	R/T	\-	\-	\-	\-	\-	\-	\-	\-	\-	\-	\-	\-	\-	\-	\*1	\*1	\-	\-	\-	\-	\*1	\*1	\-	\-	\-	✔	✔
188	Gain dB Value	:ref:`CrDeviceProperty_GaindBValue<dp-GaindBValue>`	R/T	\-	\-	\-	\-	\-	\-	\-	\-	\-	\-	\-	\-	\-	\-	✔	✔	\-	\-	\-	\-	✔	✔	\-	\-	\-	✔	✔
189	Gain dB Current Value	:ref:`CrDeviceProperty_GaindBCurrentValue<dp-GaindBCurrentValue>`	R/T	\-	\-	\-	\-	\-	\-	\-	\-	\-	\-	\-	\-	\-	\-	✔	✔	\-	\-	\-	\-	✔	✔	\-	\-	\-	✔	✔
190	AWB	:ref:`CrDeviceProperty_AWB<dp-AWB>`	R/T	\-	\-	\-	\-	\-	\-	\-	\-	\-	\-	\-	\-	\-	\-	✔	✔	\-	\-	\-	\-	✔	✔	\-	\-	\-	✔	✔
191	SceneFile Index	:ref:`CrDeviceProperty_SceneFileIndex<dp-SceneFileIndex>`	R/T	\-	\-	\-	\-	\-	\-	\-	\-	\-	\-	\-	\-	\-	\-	✔	✔	\-	\-	\-	\-	✔	✔	\-	\-	\-	✔	✔
192	Current SceneFile Edited Info	:ref:`CrDeviceProperty_CurrentSceneFileEdited<dp-CurrentSceneFileEdited>`	R/T	\-	\-	\-	\-	\-	\-	\-	\-	\-	\-	\-	\-	\-	\-	✔	✔	\-	\-	\-	\-	✔	✔	\-	\-	\-	\*1	\*1
193	Movie Play button	:ref:`CrDeviceProperty_MoviePlayButton<dp-MoviePlayButton>`	R/T	\-	\-	\-	\-	\-	\-	\-	\-	\-	\-	\-	\-	\-	\-	✔	✔	\-	\-	\-	\-	✔	✔	\-	\-	\-	✔	✔
194	Movie Play Pause button	:ref:`CrDeviceProperty_MoviePlayPauseButton<dp-MoviePlayPauseButton>`	R/T	\-	\-	\-	\-	\-	\-	\-	\-	\-	\-	\-	\-	\-	\-	✔	✔	\-	\-	\-	\-	✔	✔	\-	\-	\-	✔	✔
195	Movie Play Stop button	:ref:`CrDeviceProperty_MoviePlayStopButton<dp-MoviePlayStopButton>`	R/T	\-	\-	\-	\-	\-	\-	\-	\-	\-	\-	\-	\-	\-	\-	✔	✔	\-	\-	\-	\-	✔	✔	\-	\-	\-	✔	✔
196	Movie Forward button	:ref:`CrDeviceProperty_MovieForwardButton<dp-MovieForwardButton>`	R/T	\-	\-	\-	\-	\-	\-	\-	\-	\-	\-	\-	\-	\-	\-	✔	✔	\-	\-	\-	\-	✔	✔	\-	\-	\-	✔	✔
197	Movie Rewind button	:ref:`CrDeviceProperty_MovieRewindButton<dp-MovieRewindButton>`	R/T	\-	\-	\-	\-	\-	\-	\-	\-	\-	\-	\-	\-	\-	\-	✔	✔	\-	\-	\-	\-	✔	✔	\-	\-	\-	✔	✔
198	Movie Next button	:ref:`CrDeviceProperty_MovieNextButton<dp-MovieNextButton>`	R/T	\-	\-	\-	\-	\-	\-	\-	\-	\-	\-	\-	\-	\-	\-	✔	✔	\-	\-	\-	\-	✔	✔	\-	\-	\-	✔	✔
199	Movie Prev button	:ref:`CrDeviceProperty_MoviePrevButton<dp-MoviePrevButton>`	R/T	\-	\-	\-	\-	\-	\-	\-	\-	\-	\-	\-	\-	\-	\-	✔	✔	\-	\-	\-	\-	✔	✔	\-	\-	\-	✔	✔
200	Movie RecReview button	:ref:`CrDeviceProperty_MovieRecReviewButton<dp-MovieRecReviewButton>`	R/T	\-	\-	\-	\-	\-	\-	\-	\-	\-	\-	\-	\-	\-	\-	✔	✔	\-	\-	\-	\-	✔	✔	\-	\-	\-	✔	✔
201	Subject Recognition AF	:ref:`CrDeviceProperty_SubjectRecognitionAF<dp-SubjectRecognitionAF>`	R/T	✔	✔	✔	✔	\-	✔	\-	\-	✔	✔	\-	✔	\-	\-	✔	✔	✔	✔	✔	✔	✔	✔	\-	✔	\-	✔	✔
202	AF Transition Speed	:ref:`CrDeviceProperty_AFTransitionSpeed<dp-AFTransitionSpeed>`	R/T	✔	✔	✔	✔	\-	✔	\-	\-	✔	✔	\-	✔	\-	\-	✔	✔	✔	✔	✔	✔	✔	✔	\-	✔	\-	✔	✔
203	AF Subj Shift Sens	:ref:`CrDeviceProperty_AFSubjShiftSens<dp-AFSubjShiftSens>`	R/T	✔	✔	✔	✔	\-	✔	\-	\-	✔	✔	\-	✔	\-	\-	✔	✔	✔	✔	✔	✔	✔	✔	\-	✔	\-	✔	✔
204	AF Assist	:ref:`CrDeviceProperty_AFAssist<dp-AFAssist>`	R/T	✔	✔	✔	✔	\-	✔	\-	\-	✔	✔	✔	✔	\-	\-	✔	✔	✔	✔	✔	✔	✔	✔	✔	✔	\-	\-	✔
205	ND Filter Switching Setting	:ref:`CrDeviceProperty_NDFilterSwitchingSetting<dp-NDFilterSwitchingSetting>`	R/T	\-	\-	\-	\-	\-	\-	\-	\-	\-	\-	\-	\-	\-	\-	✔	✔	\-	\-	\-	\-	✔	✔	\-	\-	\-	✔	✔
206	Function of Remote Touch Operation	:ref:`CrDeviceProperty_FunctionOfRemoteTouchOperation<dp-FunctionOfRemoteTouchOperation>`	R/T	\-	\-	\-	\-	\-	\-	\-	\-	\-	\-	\-	\-	\-	\-	✔	✔	\-	\-	\-	\-	✔	✔	\-	\-	\-	\-	✔
207	Execute Remote Touch Operation(x,y)	:ref:`CrDeviceProperty_RemoteTouchOperation<dp-RemoteTouchOperation>`	R/T	\-	✔	✔	✔	✔	✔	\-	\-	✔	✔	✔	✔	✔	✔	✔	✔	✔	✔	✔	✔	✔	✔	✔	✔	\-	✔	✔
208	Movie Playing State	:ref:`CrDeviceProperty_MoviePlayingState<dp-MoviePlayingState>`	R/T	\-	\-	\-	\-	\-	\-	\-	\-	\-	\-	\-	\-	\-	\-	✔	✔	\-	\-	\-	\-	✔	✔	\-	\-	\-	✔	✔
209	Movie Playing Speed	:ref:`CrDeviceProperty_MoviePlayingSpeed<dp-MoviePlayingSpeed>`	R/T	\-	\-	\-	\-	\-	\-	\-	\-	\-	\-	\-	\-	\-	\-	✔	✔	\-	\-	\-	\-	✔	✔	\-	\-	\-	✔	✔
210	Media SLOT1 Player	:ref:`CrDeviceProperty_MediaSLOT1Player<dp-MediaSLOT1Player>`	R/T	\-	\-	\-	\-	\-	\-	\-	\-	\-	\-	\-	\-	\-	\-	✔	✔	\-	\-	\-	\-	✔	✔	\-	\-	\-	✔	✔
211	Media SLOT2 Player	:ref:`CrDeviceProperty_MediaSLOT2Player<dp-MediaSLOT2Player>`	R/T	\-	\-	\-	\-	\-	\-	\-	\-	\-	\-	\-	\-	\-	\-	✔	✔	\-	\-	\-	\-	✔	✔	\-	\-	\-	✔	✔
212	Battery Remain Display Unit	:ref:`CrDeviceProperty_BatteryRemainDisplayUnit<dp-BatteryRemainDisplayUnit>`	R/T	\-	\-	\-	\-	\-	\-	\-	\-	\-	\-	\-	\-	\-	\-	\*1	\*1	\-	\-	\-	\-	\*1	\*1	\-	\-	\-	\-	\-
213	Battery Remaining in minutes	:ref:`CrDeviceProperty_BatteryRemainingInMinutes<dp-BatteryRemainingInMinutes>`	R/T	\-	\-	\-	\-	\-	\-	\-	\-	\-	\-	\-	\-	\-	\-	✔	✔	\-	\-	\-	\-	✔	✔	\-	\-	\-	\-	\-
214	Battery Remaining in voltage	:ref:`CrDeviceProperty_BatteryRemainingInVoltage<dp-BatteryRemainingInVoltage>`	R/T	\-	\-	\-	\-	\-	\-	\-	\-	\-	\-	\-	\-	\-	\-	✔	✔	\-	\-	\-	\-	✔	✔	\-	\-	\-	\-	\-
215	Power Source	:ref:`CrDeviceProperty_PowerSource<dp-PowerSource>`	R/T	\-	\-	\-	\-	\-	\-	\-	\-	\-	\-	\-	\-	\-	\-	\*1	\*1	\-	\-	\-	\-	\*1	\*1	\-	\-	\-	\*1	\*1
216	DC voltage	:ref:`CrDeviceProperty_DCVoltage<dp-DCVoltage>`	R/T	\-	\-	\-	\-	\-	\-	\-	\-	\-	\-	\-	\-	\-	\-	✔	✔	\-	\-	\-	\-	✔	✔	\-	\-	\-	\-	✔
217	Focus TouchSpot Status	:ref:`CrDeviceProperty_FocusTouchSpotStatus<dp-FocusTouchSpotStatus>`	R/T	✔	✔	✔	✔	\-	✔	\-	\-	✔	✔	\-	✔	\-	\-	✔	✔	✔	✔	✔	✔	✔	✔	✔	✔	\-	✔	✔
218	Focus Tracking Status	:ref:`CrDeviceProperty_FocusTrackingStatus<dp-FocusTrackingStatus>`	R/T	✔	✔	✔	✔	\-	✔	\-	\-	✔	✔	\-	✔	\-	\-	✔	✔	✔	✔	✔	✔	✔	✔	✔	✔	\-	✔	✔
219	Recorder Clip Name Create by The Next Rec.	:ref:`CrDeviceProperty_RecorderClipName<dp-RecorderClipName>`	R/T	\-	\-	\-	\-	\-	\-	\-	\-	\-	\-	\-	\-	\-	\-	✔	✔	✔	\-	\-	\-	✔	✔	\-	\-	\-	\*1	\*1
220	Recorder Control Main Setting	:ref:`CrDeviceProperty_RecorderControlMainSetting<dp-RecorderControlMainSetting>`	R/T	\-	\-	\-	\-	\-	\-	\-	\-	\-	\-	\-	\-	\-	\-	✔	✔	\-	\-	\-	\-	✔	✔	\-	\-	\-	\*1	\*1
221	Recorder Control Proxy Setting	:ref:`CrDeviceProperty_RecorderControlProxySetting<dp-RecorderControlProxySetting>`	R/T	✔	✔	✔	✔	\-	✔	\-	\-	✔	✔	✔	✔	\-	✔	\*1	\*1	✔	\-	\-	\-	✔	✔	✔	✔	\-	✔	✔
222	Recorder Start Main	:ref:`CrDeviceProperty_RecorderStartMain<dp-RecorderStartMain>`	R/T	\-	\-	\-	\-	\-	\-	\-	\-	\-	\-	\-	\-	\-	\-	✔	✔	\-	\-	\-	\-	✔	✔	\-	\-	\-	✔	✔
223	Recorder Start Proxy	:ref:`CrDeviceProperty_RecorderStartProxy<dp-RecorderStartProxy>`	R/T	\-	\-	\-	\-	\-	\-	\-	\-	\-	\-	\-	\-	\-	\-	✔	✔	\-	\-	\-	\-	✔	✔	\-	\-	\-	✔	✔
224	Recorder Main Status	:ref:`CrDeviceProperty_RecorderMainStatus<dp-RecorderMainStatus>`	R/T	\-	\-	\-	\-	\-	\-	\-	\-	\-	\-	\-	\-	\-	\-	✔	✔	\-	\-	\-	\-	✔	✔	\-	\-	\-	\*1	\*1
225	Recorder Proxy Status	:ref:`CrDeviceProperty_RecorderProxyStatus<dp-RecorderProxyStatus>`	R/T	\-	\-	\-	\-	\-	\-	\-	\-	\-	\-	\-	\-	\-	\-	✔	✔	\-	\-	\-	\-	✔	✔	\-	\-	\-	\*1	\*1
226	Recorder Ext Raw Status	:ref:`CrDeviceProperty_RecorderExtRawStatus<dp-RecorderExtRawStatus>`	R/T	\-	\-	\-	\-	\-	\-	\-	\-	\-	\-	\-	\-	\-	\-	✔	✔	\-	\-	\-	\-	\-	\-	\-	\-	\-	✔	\-
227	Information of Recorder Save Destination	:ref:`CrDeviceProperty_RecorderSaveDestination<dp-RecorderSaveDestination>`	R/T	\-	\-	\-	\-	\-	\-	\-	\-	\-	\-	\-	\-	\-	\-	✔	✔	\-	\-	\-	\-	✔	✔	\-	\-	\-	✔	\-
228	Assignable Button Indicator 1	:ref:`CrDeviceProperty_AssignableButtonIndicator1<dp-AssignableButtonIndicator1>`	R/T	\-	\-	\-	\-	\-	\-	\-	\-	\-	\-	\-	\-	\-	\-	✔	✔	\-	\-	\-	\-	✔	✔	\-	\-	\-	\*1	\*1
229	Assignable Button Indicator 2	:ref:`CrDeviceProperty_AssignableButtonIndicator2<dp-AssignableButtonIndicator2>`	R/T	\-	\-	\-	\-	\-	\-	\-	\-	\-	\-	\-	\-	\-	\-	✔	✔	\-	\-	\-	\-	✔	✔	\-	\-	\-	\*1	\*1
230	Assignable Button Indicator 3	:ref:`CrDeviceProperty_AssignableButtonIndicator3<dp-AssignableButtonIndicator3>`	R/T	\-	\-	\-	\-	\-	\-	\-	\-	\-	\-	\-	\-	\-	\-	✔	✔	\-	\-	\-	\-	✔	✔	\-	\-	\-	\*1	\*1
231	Assignable Button Indicator 4	:ref:`CrDeviceProperty_AssignableButtonIndicator4<dp-AssignableButtonIndicator4>`	R/T	\-	\-	\-	\-	\-	\-	\-	\-	\-	\-	\-	\-	\-	\-	✔	✔	\-	\-	\-	\-	✔	✔	\-	\-	\-	\*1	\*1
232	Assignable Button Indicator 5	:ref:`CrDeviceProperty_AssignableButtonIndicator5<dp-AssignableButtonIndicator5>`	R/T	\-	\-	\-	\-	\-	\-	\-	\-	\-	\-	\-	\-	\-	\-	✔	✔	\-	\-	\-	\-	✔	✔	\-	\-	\-	\*1	\*1
233	Assignable Button Indicator 6	:ref:`CrDeviceProperty_AssignableButtonIndicator6<dp-AssignableButtonIndicator6>`	R/T	\-	\-	\-	\-	\-	\-	\-	\-	\-	\-	\-	\-	\-	\-	✔	✔	\-	\-	\-	\-	✔	✔	\-	\-	\-	\*1	\*1
234	Assignable Button Indicator 7	:ref:`CrDeviceProperty_AssignableButtonIndicator7<dp-AssignableButtonIndicator7>`	R/T	\-	\-	\-	\-	\-	\-	\-	\-	\-	\-	\-	\-	\-	\-	✔	✔	\-	\-	\-	\-	✔	✔	\-	\-	\-	\*1	\*1
235	Assignable Button Indicator 8	:ref:`CrDeviceProperty_AssignableButtonIndicator8<dp-AssignableButtonIndicator8>`	R/T	\-	\-	\-	\-	\-	\-	\-	\-	\-	\-	\-	\-	\-	\-	✔	✔	\-	\-	\-	\-	✔	✔	\-	\-	\-	\*1	\*1
236	Assignable Button Indicator 9	:ref:`CrDeviceProperty_AssignableButtonIndicator9<dp-AssignableButtonIndicator9>`	R/T	\-	\-	\-	\-	\-	\-	\-	\-	\-	\-	\-	\-	\-	\-	✔	✔	\-	\-	\-	\-	✔	✔	\-	\-	\-	\*1	\*1
237	LensAssignable Button Indicator 1	:ref:`CrDeviceProperty_LensAssignableButtonIndicator1<dp-LensAssignableButtonIndicator1>`	R/T	\-	\-	\-	\-	\-	\-	\-	\-	\-	\-	\-	\-	\-	\-	✔	✔	\-	\-	\-	\-	✔	✔	\-	\-	\-	\*1	\*1
238	Software Version	:ref:`CrDeviceProperty_SoftwareVersion<dp-SoftwareVersion>`	R/T	✔	✔	✔	✔	\-	✔	\-	\-	✔	✔	✔	✔	\-	✔	✔	✔	✔	✔	✔	✔	✔	✔	✔	✔	\-	✔	✔
239	Movie Rec Button (2nd) Enable Status	:ref:`CrDeviceProperty_MovieRecButtonToggleEnableStatus<dp-MovieRecButtonToggleEnableStatus>`	R/T	\-	\-	\-	\-	\-	\-	\-	\-	\-	\-	\-	\-	\-	\-	✔	✔	\-	\-	\-	\-	✔	✔	\-	\-	\-	✔	✔
240	Remote Touch Operation Enable Status	:ref:`CrDeviceProperty_RemoteTouchOperationEnableStatus<dp-RemoteTouchOperationEnableStatus>`	R/T	\-	✔	✔	✔	✔	✔	\-	\-	✔	✔	✔	✔	✔	✔	✔	✔	✔	✔	✔	✔	✔	✔	✔	✔	\-	✔	✔
241	Cancel Remote Touch Operation Enable Status	:ref:`CrDeviceProperty_CancelRemoteTouchOperationEnableStatus<dp-CancelRemoteTouchOperationEnableStatus>`	R/T	\-	✔	✔	✔	✔	✔	\-	\-	✔	✔	✔	✔	✔	✔	✔	✔	✔	✔	✔	✔	✔	✔	✔	✔	\-	✔	✔
242	Lens Information Enable Status	:ref:`CrDeviceProperty_LensInformationEnableStatus<dp-LensInformationEnableStatus>`	R/T	✔	✔	✔	✔	\-	✔	\-	\-	✔	✔	✔	✔	\-	\-	✔	✔	✔	✔	✔	✔	✔	✔	✔	✔	\-	\-	\-
243	Follow Focus Position	:ref:`CrDeviceProperty_FollowFocusPositionSetting<dp-FollowFocusPositionSetting>`	R/T	✔	✔	✔	✔	\-	✔	\-	\-	✔	✔	✔	✔	\-	\-	✔	✔	✔	✔	✔	✔	\-	\-	✔	✔	\-	\-	\-
244	Follow Focus Position Current Value	:ref:`CrDeviceProperty_FollowFocusPositionCurrentValue<dp-FollowFocusPositionCurrentValue>`	R/T	✔	✔	✔	✔	\-	✔	\-	\-	✔	✔	✔	✔	\-	\-	✔	✔	✔	✔	✔	✔	\-	\-	✔	✔	\-	\-	\-
245	Focus Bracket Shot Number	:ref:`CrDeviceProperty_FocusBracketShotNumber<dp-FocusBracketShotNumber>`	R/T	✔	✔	✔	✔	\-	✔	\-	\-	✔	\-	\-	✔	\-	✔	\-	\-	✔	\-	\-	\-	\-	\-	✔	✔	\-	\-	\-
246	Focus Bracket Focus Range	:ref:`CrDeviceProperty_FocusBracketFocusRange<dp-FocusBracketFocusRange>`	R/T	✔	✔	✔	✔	\-	✔	\-	\-	✔	\-	\-	✔	\-	✔	\-	\-	✔	\-	\-	\-	\-	\-	✔	✔	\-	\-	\-
247	Focus Bracket Shooting Status	:ref:`CrDeviceProperty_FocusBracketShootingStatus<dp-FocusBracketShootingStatus>`	R/T	✔	✔	✔	✔	\-	✔	\-	\-	✔	\-	\-	✔	\-	✔	\-	\-	✔	\-	\-	\-	\-	\-	✔	✔	\-	\-	\-
248	Function of Touch Operation	:ref:`CrDeviceProperty_FunctionOfTouchOperation<dp-FunctionOfTouchOperation>`	R/T	\-	✔	✔	✔	✔	✔	\-	\-	✔	✔	✔	✔	✔	✔	\-	\-	✔	✔	✔	✔	\-	\-	✔	✔	\-	\-	\-
249	Proxy File Format(Movie)	:ref:`CrDeviceProperty_Movie_ProxyFileFormat<dp-Movie_ProxyFileFormat>`	R/T	✔	✔	✔	✔	\-	✔	\-	\-	✔	✔	✔	✔	\-	✔	\*1	\*1	✔	✔	✔	✔	\*1	\*1	✔	✔	\-	\*1	\*1
250	Extended Interface Mode	:ref:`CrDeviceProperty_ExtendedInterfaceMode<dp-ExtendedInterfaceMode>`	R/T	✔	\-	\-	\-	\-	\-	\-	\-	✔	\-	\-	✔	\-	✔	\-	\-	\-	\-	\-	\-	\-	\-	✔	✔	\-	\-	\-
251	S&Q Frame Rate	:ref:`CrDeviceProperty_SQFrameRate<dp-SQFrameRate>`	R/T	✔	✔	✔	✔	\-	✔	\-	\-	✔	✔	✔	✔	\-	✔	✔	\*1	✔	✔	✔	✔	✔	✔	✔	✔	\-	✔	✔
252	S&Q Recording Frame Rate Setting	:ref:`CrDeviceProperty_SQRecordingFrameRateSetting<dp-SQRecordingFrameRateSetting>`	R/T	✔	✔	✔	✔	\-	✔	\-	\-	✔	✔	✔	✔	\-	✔	\-	\-	\-	✔	✔	✔	\-	\-	✔	✔	\-	\-	\-
253	S&Q Recording Setting	:ref:`CrDeviceProperty_SQRecordingSetting<dp-SQRecordingSetting>`	R/T	✔	✔	✔	✔	\-	✔	\-	\-	✔	✔	✔	✔	\-	✔	\-	\-	\-	✔	✔	✔	\-	\-	✔	✔	\-	\-	\-
254	Audio Recording	:ref:`CrDeviceProperty_AudioRecording<dp-AudioRecording>`	R/T	\-	✔	✔	✔	\-	✔	\-	\-	✔	✔	✔	✔	\-	✔	\-	\-	✔	✔	✔	✔	\-	\-	✔	✔	\-	\-	\-
255	Audio Input Master Level	:ref:`CrDeviceProperty_AudioInputMasterLevel<dp-AudioInputMasterLevel>`	R/T	\-	✔	✔	✔	\-	✔	\-	\-	✔	✔	✔	✔	\-	✔	\-	\-	✔	✔	✔	✔	\-	\-	✔	✔	\-	\-	✔
256	Time Code Preset	:ref:`CrDeviceProperty_TimeCodePreset<dp-TimeCodePreset>`	R/T	✔	✔	✔	✔	\-	✔	\-	\-	✔	✔	✔	✔	\-	✔	\-	\-	✔	✔	✔	✔	\-	\-	✔	✔	\-	\-	\-
257	Time Code Format	:ref:`CrDeviceProperty_TimeCodeFormat<dp-TimeCodeFormat>`	R/T	✔	✔	✔	✔	\-	✔	\-	\-	✔	✔	✔	✔	\-	✔	\-	\-	✔	✔	✔	✔	\-	\-	✔	✔	\-	\-	\-
258	Time Code Run	:ref:`CrDeviceProperty_TimeCodeRun<dp-TimeCodeRun>`	R/T	✔	✔	✔	✔	\-	✔	\-	\-	✔	✔	✔	✔	\-	✔	\-	\-	✔	✔	✔	✔	\-	\-	✔	✔	\-	\-	\-
259	Time Code Make	:ref:`CrDeviceProperty_TimeCodeMake<dp-TimeCodeMake>`	R/T	✔	✔	✔	✔	\-	✔	\-	\-	✔	✔	✔	✔	\-	✔	\-	\-	✔	✔	✔	✔	\-	\-	✔	✔	\-	\-	\-
260	User Bit Preset	:ref:`CrDeviceProperty_UserBitPreset<dp-UserBitPreset>`	R/T	✔	✔	✔	✔	\-	✔	\-	\-	✔	✔	✔	✔	\-	✔	\-	\-	✔	✔	✔	✔	\-	\-	✔	✔	\-	\-	\-
261	User Bit Time Rec	:ref:`CrDeviceProperty_UserBitTimeRec<dp-UserBitTimeRec>`	R/T	✔	✔	✔	✔	\-	✔	\-	\-	✔	✔	✔	✔	\-	✔	\-	\-	✔	✔	✔	✔	\-	\-	✔	✔	\-	\-	\-
262	Image Stabilization Steady Shot	:ref:`CrDeviceProperty_ImageStabilizationSteadyShot<dp-ImageStabilizationSteadyShot>`	R/T	\-	✔	✔	✔	\-	✔	\-	\-	✔	✔	✔	✔	\-	✔	\-	\-	✔	✔	✔	✔	\-	\-	✔	✔	\-	\-	\-
263	Image Stabilization Steady Shot(Movie)	:ref:`CrDeviceProperty_Movie_ImageStabilizationSteadyShot<dp-Movie_ImageStabilizationSteadyShot>`	R/T	\-	✔	✔	✔	\-	✔	\-	\-	✔	✔	✔	✔	\-	✔	✔	\-	✔	✔	✔	✔	✔	✔	✔	✔	\-	\-	\-
264	Silent Mode	:ref:`CrDeviceProperty_SilentMode<dp-SilentMode>`	R/T	✔	✔	✔	✔	\-	✔	\-	\-	✔	✔	✔	✔	\-	✔	\-	\-	✔	✔	✔	\-	\-	\-	✔	✔	\-	\-	\-
265	Silent Mode Aperture Drive in AF	:ref:`CrDeviceProperty_SilentModeApertureDriveInAF<dp-SilentModeApertureDriveInAF>`	R/T	✔	✔	✔	✔	\-	✔	\-	\-	✔	✔	✔	✔	\-	✔	\-	\-	✔	✔	✔	\-	\-	\-	✔	✔	\-	\-	\-
266	Silent Mode Shutter When Power Off	:ref:`CrDeviceProperty_SilentModeShutterWhenPowerOff<dp-SilentModeShutterWhenPowerOff>`	R/T	\-	✔	✔	✔	\-	✔	\-	\-	✔	✔	✔	✔	\-	\-	\-	\-	✔	\-	\-	\-	\-	\-	\-	\-	\-	\-	\-
267	Silent Mode Auto Pixel Mapping	:ref:`CrDeviceProperty_SilentModeAutoPixelMapping<dp-SilentModeAutoPixelMapping>`	R/T	✔	✔	✔	✔	\-	✔	\-	\-	✔	✔	✔	✔	\-	✔	\-	\-	✔	✔	✔	\-	\-	\-	\-	\-	\-	\-	\-
268	Shutter Type	:ref:`CrDeviceProperty_ShutterType<dp-ShutterType>`	R/T	✔	✔	✔	\-	\-	✔	\-	\-	✔	✔	✔	✔	\-	✔	\-	\-	✔	✔	✔	\-	\-	\-	\-	\-	\-	\-	\-
269	Picture Profile	:ref:`CrDeviceProperty_PictureProfile<dp-PictureProfile>`	R/T	✔	✔	✔	✔	\-	✔	\-	\-	✔	✔	✔	✔	\-	✔	\-	\-	✔	✔	✔	✔	\-	\-	✔	✔	\-	\-	\-
270	Picture Profile Black Level	:ref:`CrDeviceProperty_PictureProfile_BlackLevel<dp-PictureProfile_BlackLevel>`	R/T	✔	✔	✔	✔	\-	✔	\-	\-	✔	✔	✔	✔	\-	✔	\-	\-	✔	✔	✔	✔	\-	\-	✔	✔	\-	\-	\-
271	Picture Profile Gamma	:ref:`CrDeviceProperty_PictureProfile_Gamma<dp-PictureProfile_Gamma>`	R/T	✔	✔	✔	✔	\-	✔	\-	\-	✔	✔	✔	✔	\-	✔	\-	\-	✔	✔	✔	✔	\-	\-	✔	✔	\-	\-	\-
272	Picture Profile Black Gamma Range	:ref:`CrDeviceProperty_PictureProfile_BlackGammaRange<dp-PictureProfile_BlackGammaRange>`	R/T	✔	✔	✔	✔	\-	✔	\-	\-	✔	✔	✔	✔	\-	✔	\-	\-	✔	✔	✔	✔	\-	\-	✔	✔	\-	\-	\-
273	Picture Profile Black Gamma Level	:ref:`CrDeviceProperty_PictureProfile_BlackGammaLevel<dp-PictureProfile_BlackGammaLevel>`	R/T	✔	✔	✔	✔	\-	✔	\-	\-	✔	✔	✔	✔	\-	✔	\-	\-	✔	✔	✔	✔	\-	\-	✔	✔	\-	\-	\-
274	Picture Profile Knee Mode	:ref:`CrDeviceProperty_PictureProfile_KneeMode<dp-PictureProfile_KneeMode>`	R/T	✔	✔	✔	✔	\-	✔	\-	\-	✔	✔	✔	✔	\-	✔	\-	\-	✔	✔	✔	✔	\-	\-	✔	✔	\-	\-	\-
275	Picture Profile Knee AutoSet MaxPoint	:ref:`CrDeviceProperty_PictureProfile_KneeAutoSet_MaxPoint<dp-PictureProfile_KneeAutoSet_MaxPoint>`	R/T	✔	✔	✔	✔	\-	✔	\-	\-	✔	✔	✔	✔	\-	✔	\-	\-	✔	✔	✔	✔	\-	\-	✔	✔	\-	\-	\-
276	Picture Profile Knee AutoSet Sensitivity	:ref:`CrDeviceProperty_PictureProfile_KneeAutoSet_Sensitivity<dp-PictureProfile_KneeAutoSet_Sensitivity>`	R/T	✔	✔	✔	✔	\-	✔	\-	\-	✔	✔	✔	✔	\-	✔	\-	\-	✔	✔	✔	✔	\-	\-	✔	✔	\-	\-	\-
277	Picture Profile Knee ManualSet Point	:ref:`CrDeviceProperty_PictureProfile_KneeManualSet_Point<dp-PictureProfile_KneeManualSet_Point>`	R/T	✔	✔	✔	✔	\-	✔	\-	\-	✔	✔	✔	✔	\-	✔	\-	\-	✔	✔	✔	✔	\-	\-	✔	✔	\-	\-	\-
278	Picture Profile Knee ManualSet Slope	:ref:`CrDeviceProperty_PictureProfile_KneeManualSet_Slope<dp-PictureProfile_KneeManualSet_Slope>`	R/T	✔	✔	✔	✔	\-	✔	\-	\-	✔	✔	✔	✔	\-	✔	\-	\-	✔	✔	✔	✔	\-	\-	✔	✔	\-	\-	\-
279	Picture Profile Color Mode	:ref:`CrDeviceProperty_PictureProfile_ColorMode<dp-PictureProfile_ColorMode>`	R/T	✔	✔	✔	✔	\-	✔	\-	\-	✔	✔	✔	✔	\-	✔	\-	\-	✔	✔	✔	✔	\-	\-	✔	✔	\-	\-	\-
280	Picture Profile Saturation	:ref:`CrDeviceProperty_PictureProfile_Saturation<dp-PictureProfile_Saturation>`	R/T	✔	✔	✔	✔	\-	✔	\-	\-	✔	✔	✔	✔	\-	✔	\-	\-	✔	✔	✔	✔	\-	\-	✔	✔	\-	\-	\-
281	Picture Profile Color Phase	:ref:`CrDeviceProperty_PictureProfile_ColorPhase<dp-PictureProfile_ColorPhase>`	R/T	✔	✔	✔	✔	\-	✔	\-	\-	✔	✔	✔	✔	\-	✔	\-	\-	✔	✔	✔	✔	\-	\-	✔	✔	\-	\-	\-
282	Picture Profile Color Depth Red	:ref:`CrDeviceProperty_PictureProfile_ColorDepthRed<dp-PictureProfile_ColorDepthRed>`	R/T	✔	✔	✔	✔	\-	✔	\-	\-	✔	✔	✔	✔	\-	✔	\-	\-	✔	✔	✔	✔	\-	\-	✔	✔	\-	\-	\-
283	Picture Profile Color Depth Green	:ref:`CrDeviceProperty_PictureProfile_ColorDepthGreen<dp-PictureProfile_ColorDepthGreen>`	R/T	✔	✔	✔	✔	\-	✔	\-	\-	✔	✔	✔	✔	\-	✔	\-	\-	✔	✔	✔	✔	\-	\-	✔	✔	\-	\-	\-
284	Picture Profile Color Depth Blue	:ref:`CrDeviceProperty_PictureProfile_ColorDepthBlue<dp-PictureProfile_ColorDepthBlue>`	R/T	✔	✔	✔	✔	\-	✔	\-	\-	✔	✔	✔	✔	\-	✔	\-	\-	✔	✔	✔	✔	\-	\-	✔	✔	\-	\-	\-
285	Picture Profile Color Depth Cyan	:ref:`CrDeviceProperty_PictureProfile_ColorDepthCyan<dp-PictureProfile_ColorDepthCyan>`	R/T	✔	✔	✔	✔	\-	✔	\-	\-	✔	✔	✔	✔	\-	✔	\-	\-	✔	✔	✔	✔	\-	\-	✔	✔	\-	\-	\-
286	Picture Profile Color Depth Magenta	:ref:`CrDeviceProperty_PictureProfile_ColorDepthMagenta<dp-PictureProfile_ColorDepthMagenta>`	R/T	✔	✔	✔	✔	\-	✔	\-	\-	✔	✔	✔	✔	\-	✔	\-	\-	✔	✔	✔	✔	\-	\-	✔	✔	\-	\-	\-
287	Picture Profile Color Depth Yellow	:ref:`CrDeviceProperty_PictureProfile_ColorDepthYellow<dp-PictureProfile_ColorDepthYellow>`	R/T	✔	✔	✔	✔	\-	✔	\-	\-	✔	✔	✔	✔	\-	✔	\-	\-	✔	✔	✔	✔	\-	\-	✔	✔	\-	\-	\-
288	Picture Profile Detail Level	:ref:`CrDeviceProperty_PictureProfile_DetailLevel<dp-PictureProfile_DetailLevel>`	R/T	✔	✔	✔	✔	\-	✔	\-	\-	✔	✔	✔	✔	\-	✔	\-	\-	✔	✔	✔	✔	\-	\-	✔	✔	\-	\-	\-
289	Picture Profile Detail Adjust Mode	:ref:`CrDeviceProperty_PictureProfile_DetailAdjustMode<dp-PictureProfile_DetailAdjustMode>`	R/T	✔	✔	✔	✔	\-	✔	\-	\-	✔	✔	✔	✔	\-	✔	\-	\-	✔	✔	✔	✔	\-	\-	✔	✔	\-	\-	\-
290	Picture Profile Detail Adjust V/H Balance	:ref:`CrDeviceProperty_PictureProfile_DetailAdjustVHBalance<dp-PictureProfile_DetailAdjustVHBalance>`	R/T	✔	✔	✔	✔	\-	✔	\-	\-	✔	✔	✔	✔	\-	✔	\-	\-	✔	✔	✔	✔	\-	\-	✔	✔	\-	\-	\-
291	Picture Profile Detail Adjust B/W Balance	:ref:`CrDeviceProperty_PictureProfile_DetailAdjustBWBalance<dp-PictureProfile_DetailAdjustBWBalance>`	R/T	✔	✔	✔	✔	\-	✔	\-	\-	✔	✔	✔	✔	\-	✔	\-	\-	✔	✔	✔	✔	\-	\-	✔	✔	\-	\-	\-
292	Picture Profile Detail Adjust Limit	:ref:`CrDeviceProperty_PictureProfile_DetailAdjustLimit<dp-PictureProfile_DetailAdjustLimit>`	R/T	✔	✔	✔	✔	\-	✔	\-	\-	✔	✔	✔	✔	\-	✔	\-	\-	✔	✔	✔	✔	\-	\-	✔	✔	\-	\-	\-
293	Picture Profile Detail Adjust Crispening	:ref:`CrDeviceProperty_PictureProfile_DetailAdjustCrispening<dp-PictureProfile_DetailAdjustCrispening>`	R/T	✔	✔	✔	✔	\-	✔	\-	\-	✔	✔	✔	✔	\-	✔	\-	\-	✔	✔	✔	✔	\-	\-	✔	✔	\-	\-	\-
294	Picture Profile Detail Adjust Hi-Light Detail	:ref:`CrDeviceProperty_PictureProfile_DetailAdjustHiLightDetail<dp-PictureProfile_DetailAdjustHiLightDetail>`	R/T	✔	✔	✔	✔	\-	✔	\-	\-	✔	✔	✔	✔	\-	✔	\-	\-	✔	✔	✔	✔	\-	\-	✔	✔	\-	\-	\-
295	Copy Picture Profile	:ref:`CrDeviceProperty_PictureProfile_Copy<dp-PictureProfile_Copy>`	R/T	✔	✔	✔	✔	\-	✔	\-	\-	✔	✔	✔	✔	\-	✔	\-	\-	✔	✔	✔	✔	\-	\-	✔	✔	\-	\-	\-
296	Picture Profile Reset Enable Status	:ref:`CrDeviceProperty_PictureProfileResetEnableStatus<dp-PictureProfileResetEnableStatus>`	R/T	✔	✔	✔	✔	\-	✔	\-	\-	✔	✔	✔	✔	\-	✔	\-	\-	✔	✔	✔	✔	\-	\-	✔	✔	\-	\-	\-
297	Execute Picture Profile Reset	:ref:`CrCommandId_PictureProfileReset<command-PictureProfileReset>`	R/T	✔	✔	✔	✔	\-	✔	\-	\-	✔	✔	✔	✔	\-	✔	\-	\-	✔	\-	\-	\-	\-	\-	✔	✔	\-	\-	\-
298	Creative Look	:ref:`CrDeviceProperty_CreativeLook<dp-CreativeLook>`	R/T	✔	✔	✔	✔	\-	✔	\-	\-	✔	✔	✔	✔	\-	✔	\-	\-	✔	✔	✔	✔	\-	\-	✔	✔	\-	\-	\-
299	Creative Look Contrast	:ref:`CrDeviceProperty_CreativeLook_Contrast<dp-CreativeLook_Contrast>`	R/T	✔	✔	✔	✔	\-	✔	\-	\-	✔	✔	✔	✔	\-	✔	\-	\-	✔	✔	✔	✔	\-	\-	✔	✔	\-	\-	\-
300	Creative Look Highlights	:ref:`CrDeviceProperty_CreativeLook_Highlights<dp-CreativeLook_Highlights>`	R/T	✔	✔	✔	✔	\-	✔	\-	\-	✔	✔	✔	✔	\-	✔	\-	\-	✔	✔	✔	✔	\-	\-	✔	✔	\-	\-	\-
301	Creative Look Shadows	:ref:`CrDeviceProperty_CreativeLook_Shadows<dp-CreativeLook_Shadows>`	R/T	✔	✔	✔	✔	\-	✔	\-	\-	✔	✔	✔	✔	\-	✔	\-	\-	✔	✔	✔	✔	\-	\-	✔	✔	\-	\-	\-
302	Creative Look Fade	:ref:`CrDeviceProperty_CreativeLook_Fade<dp-CreativeLook_Fade>`	R/T	✔	✔	✔	✔	\-	✔	\-	\-	✔	✔	✔	✔	\-	✔	\-	\-	✔	✔	✔	✔	\-	\-	✔	✔	\-	\-	\-
303	Creative Look Saturation	:ref:`CrDeviceProperty_CreativeLook_Saturation<dp-CreativeLook_Saturation>`	R/T	✔	✔	✔	✔	\-	✔	\-	\-	✔	✔	✔	✔	\-	✔	\-	\-	✔	✔	✔	✔	\-	\-	✔	✔	\-	\-	\-
304	Creative Look Sharpness	:ref:`CrDeviceProperty_CreativeLook_Sharpness<dp-CreativeLook_Sharpness>`	R/T	✔	✔	✔	✔	\-	✔	\-	\-	✔	✔	✔	✔	\-	✔	\-	\-	✔	✔	✔	✔	\-	\-	✔	✔	\-	\-	\-
305	Creative Look Sharpness Range	:ref:`CrDeviceProperty_CreativeLook_SharpnessRange<dp-CreativeLook_SharpnessRange>`	R/T	✔	✔	✔	✔	\-	✔	\-	\-	✔	✔	✔	✔	\-	✔	\-	\-	✔	✔	✔	✔	\-	\-	✔	✔	\-	\-	\-
306	Creative Look Clarity	:ref:`CrDeviceProperty_CreativeLook_Clarity<dp-CreativeLook_Clarity>`	R/T	✔	✔	✔	✔	\-	✔	\-	\-	✔	✔	✔	✔	\-	✔	\-	\-	✔	✔	✔	✔	\-	\-	✔	✔	\-	\-	\-
307	Custom Look	:ref:`CrDeviceProperty_CreativeLook_CustomLook<dp-CreativeLook_CustomLook>`	R/T	✔	✔	✔	✔	\-	✔	\-	\-	✔	✔	✔	✔	\-	✔	\-	\-	✔	✔	✔	✔	\-	\-	✔	✔	\-	\-	\-
308	Creative Look Reset Enable Status	:ref:`CrDeviceProperty_CreativeLookResetEnableStatus<dp-CreativeLookResetEnableStatus>`	R/T	✔	✔	✔	✔	\-	✔	\-	\-	✔	✔	✔	✔	\-	✔	\-	\-	✔	✔	✔	✔	\-	\-	✔	✔	\-	\-	\-
309	Execute Creative Look Reset	:ref:`CrCommandId_CreativeLookReset<command-CreativeLookReset>`	R/T	✔	✔	✔	✔	\-	✔	\-	\-	✔	✔	✔	✔	\-	✔	\-	\-	✔	✔	✔	✔	\-	\-	✔	✔	\-	\-	\-
310	Proxy Recording Setting	:ref:`CrDeviceProperty_ProxyRecordingSetting<dp-ProxyRecordingSetting>`	R/T	✔	✔	✔	✔	\-	✔	\-	\-	✔	✔	✔	✔	\-	✔	\-	\-	✔	\-	\-	\-	\-	\-	✔	✔	\-	\-	✔
311	Interval REC(Movie) Count Down Interval Time	:ref:`CrDeviceProperty_Movie_IntervalRec_CountDownIntervalTime<dp-Movie_IntervalRec_CountDownIntervalTime>`	R/T	✔	✔	\-	✔	\-	\-	\-	\-	✔	\-	\-	✔	\-	✔	\-	\-	\-	\-	\-	\-	\-	\-	✔	✔	\-	\-	\-
312	Interval REC(Movie) Recording Duration	:ref:`CrDeviceProperty_Movie_IntervalRec_RecordingDuration<dp-Movie_IntervalRec_RecordingDuration>`	R/T	✔	✔	\-	✔	\-	\-	\-	\-	✔	\-	\-	✔	\-	✔	\-	\-	\-	\-	\-	\-	\-	\-	✔	✔	\-	\-	\-
313	Pixel Mapping Enable Status	:ref:`CrDeviceProperty_PixelMappingEnableStatus<dp-PixelMappingEnableStatus>`	R/T	✔	✔	✔	✔	\-	✔	\-	\-	✔	✔	✔	✔	\-	✔	\-	\-	✔	✔	✔	✔	\-	\-	✔	✔	\-	\-	\-
314	Execute Pixel Mapping	:ref:`CrCommandId_PixelMapping<command-PixelMapping>`	R/T	✔	✔	✔	✔	\-	\-	\-	\-	✔	✔	✔	✔	\-	✔	\-	\-	✔	\-	\-	\-	\-	\-	✔	✔	\-	\-	\-
315	Time Code Preset Reset Enable Status	:ref:`CrDeviceProperty_TimeCodePresetResetEnableStatus<dp-TimeCodePresetResetEnableStatus>`	R/T	✔	✔	✔	✔	\-	✔	\-	\-	✔	✔	✔	✔	\-	✔	\-	\-	✔	✔	✔	✔	\-	\-	✔	✔	\-	\-	\-
316	Execute Time Code Preset Reset	:ref:`CrCommandId_TimeCodePresetReset<command-TimeCodePresetReset>`	R/T	✔	✔	✔	✔	\-	✔	\-	\-	✔	✔	✔	✔	\-	✔	\-	\-	✔	\-	\-	\-	\-	\-	✔	✔	\-	\-	\-
317	User Bit Preset Reset Enable Status	:ref:`CrDeviceProperty_UserBitPresetResetEnableStatus<dp-UserBitPresetResetEnableStatus>`	R/T	✔	✔	✔	✔	\-	✔	\-	\-	✔	✔	✔	✔	\-	✔	\-	\-	✔	✔	✔	✔	\-	\-	✔	✔	\-	\-	\-
318	Execute User Bit Preset Reset	:ref:`CrCommandId_UserBitPresetReset<command-UserBitPresetReset>`	R/T	✔	✔	✔	✔	\-	✔	\-	\-	✔	✔	✔	✔	\-	✔	\-	\-	✔	\-	\-	\-	\-	\-	✔	✔	\-	\-	\-
319	Sensor Cleaning Enable Status	:ref:`CrDeviceProperty_SensorCleaningEnableStatus<dp-SensorCleaningEnableStatus>`	R/T	\-	✔	✔	✔	\-	✔	\-	\-	✔	✔	✔	✔	\-	✔	\-	\-	✔	✔	✔	✔	\-	\-	✔	\-	\-	\-	\-
320	Execute Sensor Cleaning	:ref:`CrCommandId_SensorCleaning<command-SensorCleaning>`	R/T	\-	✔	✔	✔	\-	✔	\-	\-	✔	✔	✔	✔	\-	✔	\-	\-	✔	✔	✔	✔	\-	\-	✔	\-	\-	\-	\-
321	Lens Version Number	:ref:`CrDeviceProperty_LensVersionNumber<dp-LensVersionNumber>`	R/T	✔	✔	✔	✔	\-	✔	\-	\-	✔	✔	✔	✔	\-	✔	\-	\-	✔	✔	✔	✔	\-	\-	✔	✔	\-	✔	\-
322	Device Overheating State	:ref:`CrDeviceProperty_DeviceOverheatingState<dp-DeviceOverheatingState>`	R/T	✔	✔	✔	✔	✔	✔	✔	✔	✔	✔	✔	✔	✔	✔	\-	\-	✔	✔	✔	✔	\-	\-	✔	✔	✔	\-	\-
323	Execute Power Off	:ref:`CrCommandId_PowerOff<command-PowerOff>`	R/T	✔	✔	✔	✔	\-	✔	\-	\-	✔	✔	✔	✔	\-	✔	\-	\-	✔	✔	✔	✔	\-	\-	✔	✔	\-	\-	\-
324	AF Tracking Sensitivity	:ref:`CrDeviceProperty_AFTrackingSensitivity<dp-AFTrackingSensitivity>`	R/T	✔	✔	✔	✔	\-	\-	\-	\-	✔	✔	✔	✔	\-	\-	\-	\-	✔	\-	✔	✔	\-	\-	\-	✔	\-	\-	\-
325	BaseLook Import Operation Enable Status	:ref:`CrDeviceProperty_BaseLookImportOperationEnableStatus<dp-BaseLookImportOperationEnableStatus>`	R/T	✔	✔	\-	✔	\-	\-	\-	\-	✔	\-	\-	✔	\-	✔	\-	\-	✔	✔	✔	✔	✔	✔	\-	✔	\-	✔	✔
326	Delete UserBaseLook	:ref:`CrDeviceProperty_DeleteUserBaseLook<dp-DeleteUserBaseLook>`	R/T	✔	✔	\-	✔	\-	\-	\-	\-	✔	\-	\-	✔	\-	✔	\-	\-	✔	✔	✔	✔	✔	✔	\-	✔	\-	\-	\-
327	Select UserBaseLook to Edit	:ref:`CrDeviceProperty_SelectUserBaseLookToEdit<dp-SelectUserBaseLookToEdit>`	R/T	✔	✔	\-	✔	\-	\-	\-	\-	✔	\-	\-	✔	\-	✔	\-	✔	✔	✔	✔	✔	✔	✔	\-	✔	\-	\-	✔
328	Select UserBaseLook to Set in PPLUT	:ref:`CrDeviceProperty_SelectUserBaseLookToSetInPPLUT<dp-SelectUserBaseLookToSetInPPLUT>`	R/T	✔	✔	\-	✔	\-	\-	\-	\-	✔	\-	\-	✔	\-	✔	\-	\-	✔	✔	✔	✔	\-	\-	\-	✔	\-	\-	\-
329	UserBaseLook Input	:ref:`CrDeviceProperty_UserBaseLookInput<dp-UserBaseLookInput>`	R/T	✔	✔	\-	✔	\-	\-	\-	\-	✔	\-	\-	✔	\-	✔	\-	\*1	✔	✔	✔	✔	✔	✔	\-	✔	\-	\-	✔
330	UserBaseLook AE Level Offset	:ref:`CrDeviceProperty_UserBaseLookAELevelOffset<dp-UserBaseLookAELevelOffset>`	R/T	✔	✔	\-	✔	\-	\-	\-	\-	✔	\-	\-	✔	\-	✔	\-	\*1	✔	✔	✔	✔	✔	✔	\-	✔	\-	\-	✔
331	Base ISO Switch EI	:ref:`CrDeviceProperty_BaseISOSwitchEI<dp-BaseISOSwitchEI>`	R/T	\-	\-	\-	\-	\-	\-	\-	\-	\-	\-	\-	\-	\-	\-	\-	\-	✔	✔	\-	✔	\-	\-	\-	\-	\-	\-	\-
332	Flicker Less Shooting	:ref:`CrDeviceProperty_FlickerLessShooting<dp-FlickerLessShooting>`	R/T	\-	✔	✔	✔	\-	\-	\-	\-	✔	\-	\-	✔	\-	\-	\-	\-	✔	\-	\-	\-	\-	\-	\-	\-	\-	\-	\-
333	Playback Volume Settings	:ref:`CrDeviceProperty_PlaybackVolumeSettings<dp-PlaybackVolumeSettings>`	R/T	\-	✔	✔	✔	\-	✔	\-	\-	✔	✔	✔	✔	\-	\-	\-	\-	✔	✔	✔	✔	\-	\-	✔	✔	\-	\-	\-
334	Auto Review	:ref:`CrDeviceProperty_AutoReview<dp-AutoReview>`	R/T	✔	✔	✔	✔	\-	✔	\-	\-	✔	✔	✔	✔	\-	\-	\-	\-	✔	✔	✔	✔	\-	\-	✔	✔	\-	\-	\-
335	Audio Signals	:ref:`CrDeviceProperty_AudioSignals<dp-AudioSignals>`	R/T	\-	✔	✔	✔	\-	✔	\-	\-	\-	✔	✔	\-	\-	\-	\-	\-	✔	✔	✔	✔	\-	\-	✔	✔	\-	\-	\-
336	HDMI Resolution (Still/Play)	:ref:`CrDeviceProperty_HDMIResolutionStillPlay<dp-HDMIResolutionStillPlay>`	R/T	✔	✔	✔	✔	\-	✔	\-	\-	✔	✔	✔	✔	\-	\-	\-	\-	✔	✔	✔	✔	\-	\-	✔	✔	\-	\-	\-
337	HDMI Output Rec Media (Movie)	:ref:`CrDeviceProperty_Movie_HDMIOutputRecMedia<dp-Movie_HDMIOutputRecMedia>`	R/T	✔	✔	✔	✔	\-	✔	\-	\-	✔	✔	✔	✔	\-	\-	\-	\-	✔	✔	✔	✔	\-	\-	✔	✔	\-	\-	\-
338	HDMI Output Resolution (Movie)	:ref:`CrDeviceProperty_Movie_HDMIOutputResolution<dp-Movie_HDMIOutputResolution>`	R/T	✔	✔	✔	✔	\-	✔	\-	\-	✔	✔	✔	✔	\-	\-	\-	\-	✔	✔	✔	✔	\-	\-	✔	✔	\-	\-	\-
339	HDMI Output 4K Setting (Movie)	:ref:`CrDeviceProperty_Movie_HDMIOutput4KSetting<dp-Movie_HDMIOutput4KSetting>`	R/T	✔	✔	✔	✔	\-	✔	\-	\-	✔	✔	✔	✔	\-	\-	\-	\-	✔	✔	✔	✔	\-	\-	✔	✔	\-	\-	\-
340	HDMI Output RAW (Movie)	:ref:`CrDeviceProperty_Movie_HDMIOutputRAW<dp-Movie_HDMIOutputRAW>`	R/T	✔	✔	✔	✔	\-	✔	\-	\-	✔	✔	\-	\-	\-	\-	\-	\-	✔	✔	✔	✔	\-	\-	\-	\-	\-	\-	\-
341	HDMI Output Raw Setting (Movie)	:ref:`CrDeviceProperty_Movie_HDMIOutputRawSetting<dp-Movie_HDMIOutputRawSetting>`	R/T	✔	✔	✔	✔	\-	\-	\-	\-	✔	✔	\-	\-	\-	\-	\-	\-	✔	✔	✔	✔	\-	\-	\-	\-	\-	\-	\-
342	HDMI Output Time Code (Movie)	:ref:`CrDeviceProperty_Movie_HDMIOutputTimeCode<dp-Movie_HDMIOutputTimeCode>`	R/T	✔	✔	✔	✔	\-	✔	\-	\-	✔	✔	✔	✔	\-	\-	\-	\-	✔	✔	✔	✔	\-	\-	✔	✔	\-	\-	\-
343	HDMI Output REC Control (Movie)	:ref:`CrDeviceProperty_Movie_HDMIOutputRecControl<dp-Movie_HDMIOutputRecControl>`	R/T	✔	✔	✔	✔	\-	✔	\-	\-	✔	✔	✔	✔	\-	\-	\-	\-	✔	✔	✔	✔	\-	\-	✔	✔	\-	\-	\-
344	Monitoring Output Display HDMI	:ref:`CrDeviceProperty_MonitoringOutputDisplayHDMI<dp-MonitoringOutputDisplayHDMI>`	R/T	✔	✔	✔	✔	\-	✔	\-	\-	✔	✔	✔	✔	\-	\-	\-	\-	✔	✔	✔	✔	✔	✔	✔	✔	\-	\-	\-
345	Audio Output HDMI Monitor CH	:ref:`CrDeviceProperty_Movie_HDMIOutputAudioCH<dp-Movie_HDMIOutputAudioCH>`	R/T	\-	✔	✔	✔	\-	✔	\-	\-	✔	✔	✔	✔	\-	\-	\-	\-	✔	✔	✔	✔	\-	\-	✔	✔	\-	\-	✔
346	IntervalREC(Movie) Interval Time	:ref:`CrDeviceProperty_Movie_IntervalRec_IntervalTime<dp-Movie_IntervalRec_IntervalTime>`	R/T	✔	✔	\-	✔	\-	\-	\-	\-	✔	\-	\-	✔	\-	✔	\-	\-	\-	\-	\-	\-	\-	\-	\-	✔	\-	✔	\-
347	IntervalREC(Movie) Frame Rate Setting	:ref:`CrDeviceProperty_Movie_IntervalRec_FrameRateSetting<dp-Movie_IntervalRec_FrameRateSetting>`	R/T	✔	✔	\-	✔	\-	\-	\-	\-	✔	\-	\-	✔	\-	✔	\-	\-	\-	\-	\-	\-	\-	\-	\-	✔	\-	\-	\-
348	IntervalREC(Movie) Recording Setting	:ref:`CrDeviceProperty_Movie_IntervalRec_RecordingSetting<dp-Movie_IntervalRec_RecordingSetting>`	R/T	✔	✔	\-	✔	\-	\-	\-	\-	✔	\-	\-	✔	\-	✔	\-	\-	\-	\-	\-	\-	\-	\-	\-	✔	\-	\-	\-
349	Eframing Scale(Auto)	:ref:`CrDeviceProperty_EframingScaleAuto<dp-EframingScaleAuto>`	R/T	\-	✔	\-	✔	\-	\-	\-	\-	✔	\-	\-	✔	\-	\-	\-	\-	✔	\-	\-	\-	✔	✔	✔	\-	\-	\-	✔
350	Eframing Speed(Auto)	:ref:`CrDeviceProperty_EframingSpeedAuto<dp-EframingSpeedAuto>`	R/T	\-	✔	\-	✔	\-	\-	\-	\-	✔	\-	\-	✔	\-	\-	\-	\-	✔	\-	\-	\-	✔	✔	✔	\-	\-	\-	✔
351	Eframing Mode(Auto)	:ref:`CrDeviceProperty_EframingModeAuto<dp-EframingModeAuto>`	R/T	\-	✔	\-	✔	\-	\-	\-	\-	✔	\-	\-	✔	\-	\-	\-	\-	✔	\-	\-	\-	\-	\-	✔	\-	\-	\-	\-
352	Eframing Recording Image Crop	:ref:`CrDeviceProperty_EframingRecordingImageCrop<dp-EframingRecordingImageCrop>`	R/T	\-	✔	\-	✔	\-	\-	\-	\-	✔	\-	\-	✔	\-	✔	\-	\-	✔	\-	\-	\-	✔	✔	✔	\-	\-	\-	✔
353	Eframing HDMI Crop	:ref:`CrDeviceProperty_EframingHDMICrop<dp-EframingHDMICrop>`	R/T	\-	✔	\-	✔	\-	\-	\-	\-	✔	\-	\-	✔	\-	✔	\-	\-	✔	\-	\-	\-	✔	✔	✔	\-	\-	\-	✔
354	Camera Eframing	:ref:`CrDeviceProperty_CameraEframing<dp-CameraEframing>`	R/T	\-	✔	\-	✔	\-	\-	\-	\-	✔	\-	\-	✔	\-	\-	\-	\-	✔	\-	\-	\-	✔	✔	✔	\-	\-	\-	✔
355	Long Exposure NR	:ref:`CrDeviceProperty_LongExposureNR<dp-LongExposureNR>`	R/T	✔	✔	✔	✔	\-	✔	\-	\-	✔	✔	✔	✔	\-	\-	\-	\-	✔	✔	✔	\-	\-	\-	\-	\-	\-	\-	\-
356	High Iso NR	:ref:`CrDeviceProperty_HighIsoNR<dp-HighIsoNR>`	R/T	✔	✔	✔	✔	\-	✔	\-	\-	✔	✔	✔	✔	\-	\-	\-	\-	✔	✔	✔	✔	\-	\-	✔	✔	\-	\-	\-
357	HLG Still Image	:ref:`CrDeviceProperty_HLGStillImage<dp-HLGStillImage>`	R/T	✔	✔	✔	✔	\-	✔	\-	\-	✔	✔	✔	✔	\-	\-	\-	\-	✔	✔	✔	✔	\-	\-	✔	✔	\-	\-	\-
358	Color Space	:ref:`CrDeviceProperty_ColorSpace<dp-ColorSpace>`	R/T	✔	✔	✔	✔	\-	✔	\-	\-	✔	✔	✔	✔	\-	\-	\-	\-	✔	✔	✔	✔	\-	\-	✔	✔	\-	\-	\-
359	Bracket Order	:ref:`CrDeviceProperty_BracketOrder<dp-BracketOrder>`	R/T	✔	✔	✔	✔	\-	✔	\-	\-	✔	✔	✔	✔	\-	\-	\-	\-	✔	✔	✔	✔	\-	\-	✔	✔	\-	\-	\-
360	Focus Bracket Order	:ref:`CrDeviceProperty_FocusBracketOrder<dp-FocusBracketOrder>`	R/T	✔	✔	✔	✔	\-	✔	\-	\-	✔	\-	\-	✔	\-	\-	\-	\-	✔	\-	\-	\-	\-	\-	✔	✔	\-	\-	\-
361	Focus Bracket Exposure Lock 1st Image	:ref:`CrDeviceProperty_FocusBracketExposureLock1stImg<dp-FocusBracketExposureLock1stImg>`	R/T	✔	✔	✔	✔	\-	✔	\-	\-	✔	\-	\-	✔	\-	\-	\-	\-	✔	\-	\-	\-	\-	\-	✔	✔	\-	\-	\-
362	Focus Bracket Interval Until Next Shot	:ref:`CrDeviceProperty_FocusBracketIntervalUntilNextShot<dp-FocusBracketIntervalUntilNextShot>`	R/T	✔	✔	✔	✔	\-	✔	\-	\-	✔	\-	\-	✔	\-	\-	\-	\-	✔	\-	\-	\-	\-	\-	✔	✔	\-	\-	\-
363	IntervalREC(Still) Shooting Start Time	:ref:`CrDeviceProperty_IntervalRec_ShootingStartTime<dp-IntervalRec_ShootingStartTime>`	R/T	✔	✔	✔	✔	\-	✔	\-	\-	✔	✔	✔	✔	\-	\-	\-	\-	✔	✔	✔	✔	\-	\-	✔	✔	\-	\-	\-
364	IntervalREC(Still) Shooting Interval	:ref:`CrDeviceProperty_IntervalRec_ShootingInterval<dp-IntervalRec_ShootingInterval>`	R/T	✔	✔	✔	✔	\-	✔	\-	\-	✔	✔	✔	✔	\-	\-	\-	\-	✔	✔	✔	✔	\-	\-	✔	✔	\-	\-	\-
365	IntervalREC(Still) Shoot Interval Priority	:ref:`CrDeviceProperty_IntervalRec_ShootIntervalPriority<dp-IntervalRec_ShootIntervalPriority>`	R/T	✔	✔	✔	✔	\-	✔	\-	\-	✔	✔	✔	✔	\-	\-	\-	\-	✔	✔	✔	✔	\-	\-	✔	✔	\-	\-	\-
366	IntervalREC(Still) Number of Shots	:ref:`CrDeviceProperty_IntervalRec_NumberOfShots<dp-IntervalRec_NumberOfShots>`	R/T	✔	✔	✔	✔	\-	✔	\-	\-	✔	✔	✔	✔	\-	\-	\-	\-	✔	✔	✔	✔	\-	\-	✔	✔	\-	\-	\-
367	IntervalREC(Still) AE Tracking Sensitivity	:ref:`CrDeviceProperty_IntervalRec_AETrackingSensitivity<dp-IntervalRec_AETrackingSensitivity>`	R/T	✔	✔	✔	✔	\-	✔	\-	\-	✔	✔	✔	✔	\-	\-	\-	\-	✔	✔	✔	✔	\-	\-	✔	✔	\-	\-	\-
368	IntervalREC(Still) Shutter Type	:ref:`CrDeviceProperty_IntervalRec_ShutterType<dp-IntervalRec_ShutterType>`	R/T	✔	✔	✔	\-	\-	✔	\-	\-	✔	✔	✔	✔	\-	\-	\-	\-	✔	✔	✔	\-	\-	\-	\-	\-	\-	\-	\-
369	High Resolution Shutter Speed Setting	:ref:`CrDeviceProperty_HighResolutionShutterSpeedSetting<dp-HighResolutionShutterSpeedSetting>`	R/T	✔	✔	✔	✔	\-	\-	\-	\-	✔	\-	✔	✔	\-	\-	\-	\-	✔	\-	\-	\-	\-	\-	\-	✔	\-	\-	\-
370	High Resolution Shutter Speed	:ref:`CrDeviceProperty_HighResolutionShutterSpeed<dp-HighResolutionShutterSpeed>`	R/T	✔	✔	✔	✔	\-	✔	\-	\-	✔	\-	✔	✔	\-	\-	\-	\-	✔	\-	\-	✔	\-	\-	✔	✔	\-	\-	\-
371	Wind Noise Reduction	:ref:`CrDeviceProperty_WindNoiseReduct<dp-WindNoiseReduct>`	R/T	\-	✔	✔	✔	\-	✔	\-	\-	✔	✔	✔	✔	\-	\-	\-	\-	✔	✔	✔	✔	\-	\-	✔	✔	\-	\-	\-
372	Movie Rec Self timer	:ref:`CrDeviceProperty_RecordingSelfTimer<dp-RecordingSelfTimer>`	R/T	✔	✔	\-	✔	\-	✔	\-	\-	✔	\-	\-	✔	\-	\-	\-	\-	✔	\-	\-	\-	\-	\-	✔	✔	\-	\-	\-
373	Movie Rec Self timer Count Time	:ref:`CrDeviceProperty_RecordingSelfTimerCountTime<dp-RecordingSelfTimerCountTime>`	R/T	✔	✔	\-	✔	\-	✔	\-	\-	✔	\-	\-	✔	\-	\-	\-	\-	✔	\-	\-	\-	\-	\-	✔	✔	\-	\-	\-
374	Movie Rec Self timer Continuous	:ref:`CrDeviceProperty_RecordingSelfTimerContinuous<dp-RecordingSelfTimerContinuous>`	R/T	✔	✔	\-	✔	\-	✔	\-	\-	✔	\-	\-	✔	\-	\-	\-	\-	✔	\-	\-	\-	\-	\-	✔	✔	\-	\-	\-
375	Movie Rec Self timer Status	:ref:`CrDeviceProperty_RecordingSelfTimerStatus<dp-RecordingSelfTimerStatus>`	R/T	✔	✔	\-	✔	\-	✔	\-	\-	✔	\-	\-	✔	\-	\-	\-	\-	✔	\-	\-	\-	\-	\-	✔	✔	\-	\-	\-
376	Bulb Timer Setting	:ref:`CrDeviceProperty_BulbTimerSetting<dp-BulbTimerSetting>`	R/T	✔	✔	\-	✔	\-	✔	\-	\-	✔	\-	\-	✔	\-	\-	\-	\-	✔	\-	\-	\-	\-	\-	\-	\-	\-	\-	\-
377	Bulb Exposure Time Setting	:ref:`CrDeviceProperty_BulbExposureTimeSetting<dp-BulbExposureTimeSetting>`	R/T	✔	✔	\-	✔	\-	✔	\-	\-	✔	\-	\-	✔	\-	\-	\-	\-	✔	\-	\-	\-	\-	\-	\-	\-	\-	\-	\-
378	Auto Slow Shutter	:ref:`CrDeviceProperty_AutoSlowShutter<dp-AutoSlowShutter>`	R/T	✔	✔	✔	✔	\-	✔	\-	\-	✔	✔	✔	✔	\-	\-	\-	\-	✔	✔	✔	✔	\-	\-	✔	✔	\-	\-	\-
379	Iso Auto Min Shutter Speed Mode	:ref:`CrDeviceProperty_IsoAutoMinShutterSpeedMode<dp-IsoAutoMinShutterSpeedMode>`	R/T	✔	✔	✔	✔	\-	\-	\-	\-	✔	✔	✔	✔	\-	\-	\-	\-	✔	\-	\-	\-	\-	\-	\-	✔	\-	\-	\-
380	Iso Auto Min Shutter Speed Manual	:ref:`CrDeviceProperty_IsoAutoMinShutterSpeedManual<dp-IsoAutoMinShutterSpeedManual>`	R/T	✔	✔	✔	✔	\-	✔	\-	\-	✔	✔	✔	✔	\-	\-	\-	\-	✔	✔	✔	✔	\-	\-	✔	✔	\-	\-	\-
381	Iso Auto Min Shutter Speed Preset	:ref:`CrDeviceProperty_IsoAutoMinShutterSpeedPreset<dp-IsoAutoMinShutterSpeedPreset>`	R/T	✔	✔	✔	✔	\-	✔	\-	\-	✔	✔	✔	✔	\-	\-	\-	\-	✔	✔	✔	✔	\-	\-	✔	✔	\-	\-	\-
382	Absolute Focus Position Setting	:ref:`CrDeviceProperty_FocusPositionSetting<dp-FocusPositionSetting>`	R/T	✔	✔	✔	✔	\-	\-	\-	\-	✔	✔	✔	✔	\-	\-	\-	\-	✔	✔	✔	✔	\-	\-	\-	✔	\-	\-	✔
383	Cancel Absolute Focus Position	:ref:`CrCommandId_CancelFocusPosition<command-CancelFocusPosition>`	R/T	✔	✔	✔	✔	\-	\-	\-	\-	✔	✔	✔	✔	\-	\-	\-	\-	✔	✔	✔	✔	\-	\-	\-	✔	\-	\-	\-
384	Soft Skin Effect	:ref:`CrDeviceProperty_SoftSkinEffect<dp-SoftSkinEffect>`	R/T	✔	✔	\-	✔	\-	✔	\-	\-	✔	\-	✔	✔	\-	\-	\-	\-	\-	\-	\-	\-	✔	✔	✔	✔	\-	\-	✔
385	Priority Set in AF-S	:ref:`CrDeviceProperty_PrioritySetInAF_S<dp-PrioritySetInAF_S>`	R/T	✔	✔	✔	✔	\-	✔	\-	\-	✔	✔	✔	✔	\-	\-	\-	\-	✔	✔	✔	✔	\-	\-	✔	✔	\-	\-	\-
386	Priority Set in AF-C	:ref:`CrDeviceProperty_PrioritySetInAF_C<dp-PrioritySetInAF_C>`	R/T	✔	✔	✔	✔	\-	✔	\-	\-	✔	✔	✔	✔	\-	\-	\-	\-	✔	✔	✔	✔	\-	\-	✔	✔	\-	\-	\-
387	Focus Magnification Time	:ref:`CrDeviceProperty_FocusMagnificationTime<dp-FocusMagnificationTime>`	R/T	✔	✔	✔	✔	\-	✔	\-	\-	✔	✔	✔	✔	\-	\-	\-	\-	✔	✔	✔	✔	\-	\-	✔	✔	\-	\-	\-
388	Subject Recognition in AF	:ref:`CrDeviceProperty_SubjectRecognitionInAF<dp-SubjectRecognitionInAF>`	R/T	✔	✔	✔	✔	\-	✔	\-	\-	✔	✔	✔	✔	\-	✔	\-	\-	✔	✔	✔	✔	\-	\-	✔	✔	\-	\-	\-
389	Recognition Target	:ref:`CrDeviceProperty_RecognitionTarget<dp-RecognitionTarget>`	R/T	✔	✔	✔	✔	\-	✔	\-	\-	✔	\-	✔	✔	\-	✔	\-	\-	✔	✔	✔	✔	\-	\-	✔	✔	\-	\-	\-
390	Right/Left Eye Select	:ref:`CrDeviceProperty_RightLeftEyeSelect<dp-RightLeftEyeSelect>`	R/T	✔	✔	✔	✔	\-	\-	\-	\-	✔	✔	✔	✔	\-	✔	\-	\-	✔	\-	\-	\-	\-	\-	\-	✔	\-	\-	\-
391	Select FTP Server	:ref:`CrDeviceProperty_SelectFTPServer<dp-SelectFTPServer>`	R/T	✔	✔	✔	✔	\-	✔	\-	\-	✔	✔	✔	✔	\-	\-	\-	\-	✔	✔	✔	✔	\-	\-	\-	\-	\-	\-	\-
392	Select FTP ServerID	:ref:`CrDeviceProperty_SelectFTPServerID<dp-SelectFTPServerID>`	R/T	\-	\-	\-	\-	\-	\-	\-	\-	\-	\-	\-	\-	\-	\-	\*1	\*1	\-	\-	\-	\-	✔	✔	\-	\-	\-	\-	\-
393	FTP Connection Status	:ref:`CrDeviceProperty_FTP_ConnectionStatus<dp-FTP_ConnectionStatus>`	R/T	✔	✔	✔	✔	\-	✔	\-	\-	✔	✔	✔	✔	\-	\-	\-	\-	✔	✔	✔	✔	\-	\-	\-	\-	\-	\-	\-
394	FTP Connection Error Info	:ref:`CrDeviceProperty_FTP_ConnectionErrorInfo<dp-FTP_ConnectionErrorInfo>`	R/T	✔	✔	✔	✔	\-	✔	\-	\-	✔	✔	✔	✔	\-	\-	\-	\-	✔	✔	✔	✔	\-	\-	\-	\-	\-	\-	\-
395	FTP Server Setting Version	:ref:`CrDeviceProperty_FTPServerSettingVersion<dp-FTPServerSettingVersion>`	R/T	✔	✔	✔	✔	\-	✔	\-	\-	✔	✔	✔	✔	\-	\-	\-	\-	✔	✔	✔	✔	\-	\-	\-	\-	\-	\-	\-
396	FTP Server Setting Operation Enable Status	:ref:`CrDeviceProperty_FTPServerSettingOperationEnableStatus<dp-FTPServerSettingOperationEnableStatus>`	R/T	✔	✔	✔	✔	\-	✔	\-	\-	✔	✔	✔	✔	\-	\-	\-	\-	✔	✔	✔	✔	\-	\-	\-	\-	\-	\-	\-
397	FTP Job List Data Version	:ref:`CrDeviceProperty_FTPJobListDataVersion<dp-FTPJobListDataVersion>`	R/T	\-	\-	\-	\-	\-	\-	\-	\-	\-	\-	\-	\-	\-	\-	✔	✔	\-	\-	\-	\-	✔	✔	\-	\-	\-	\-	\-
398	FTP Function	:ref:`CrDeviceProperty_FTP_Function<dp-FTP_Function>`	R/T	✔	✔	✔	✔	\-	✔	\-	\-	✔	✔	✔	✔	\-	\-	\-	\-	✔	✔	✔	✔	\-	\-	\-	\-	\-	\-	\-
399	Auto FTP Transfer	:ref:`CrDeviceProperty_FTP_AutoTransfer<dp-FTP_AutoTransfer>`	R/T	✔	✔	✔	✔	\-	✔	\-	\-	✔	✔	✔	✔	\-	\-	\-	\-	✔	✔	✔	✔	\-	\-	\-	\-	\-	\-	\-
400	Auto FTP Transfer Target (Still/Movie)	:ref:`CrDeviceProperty_FTP_AutoTransferTarget<dp-FTP_AutoTransferTarget>`	R/T	✔	✔	✔	✔	\-	✔	\-	\-	✔	✔	✔	✔	\-	\-	\-	\-	✔	✔	✔	✔	\-	\-	\-	\-	\-	\-	\-
401	Auto FTP Transfer Target (Movie)	:ref:`CrDeviceProperty_Movie_FTP_AutoTransferTarget<dp-Movie_FTP_AutoTransferTarget>`	R/T	✔	✔	✔	✔	\-	✔	\-	\-	✔	✔	✔	✔	\-	\-	\-	\-	✔	✔	✔	✔	\-	\-	\-	\-	\-	\-	\-
402	FTP Transfer Target (Still)	:ref:`CrDeviceProperty_FTP_TransferTarget<dp-FTP_TransferTarget>`	R/T	✔	✔	✔	✔	\-	✔	\-	\-	✔	✔	✔	✔	\-	\-	\-	\-	✔	✔	✔	✔	\-	\-	\-	\-	\-	\-	\-
403	FTP Transfer Target (Movie)	:ref:`CrDeviceProperty_Movie_FTP_TransferTarget<dp-Movie_FTP_TransferTarget>`	R/T	✔	✔	✔	✔	\-	✔	\-	\-	✔	✔	✔	✔	\-	\-	\-	\-	✔	✔	✔	✔	\-	\-	\-	\-	\-	\-	\-
404	FTP Power Save	:ref:`CrDeviceProperty_FTP_PowerSave<dp-FTP_PowerSave>`	R/T	✔	✔	✔	✔	\-	✔	\-	\-	✔	✔	✔	✔	\-	\-	\-	\-	✔	✔	✔	✔	\-	\-	\-	\-	\-	\-	\-
405	USB Power Supply	:ref:`CrDeviceProperty_USBPowerSupply<dp-USBPowerSupply>`	R/T	\-	✔	✔	✔	\-	✔	\-	\-	✔	✔	✔	✔	\-	✔	\-	\-	✔	✔	✔	✔	\-	\-	✔	✔	\-	\-	\-
406	Execute Flicker Scan	:ref:`CrCommandId_FlickerScan<command-FlickerScan>`	R/T	✔	✔	\-	✔	\-	✔	\-	\-	✔	\-	\-	✔	\-	\-	\-	\-	✔	\-	\-	\-	\-	\-	✔	✔	\-	\-	\-
407	Flicker Scan Status	:ref:`CrDeviceProperty_FlickerScanStatus<dp-FlickerScanStatus>`	R/T	✔	✔	\-	✔	\-	✔	\-	\-	✔	\-	\-	✔	\-	\-	\-	\-	✔	\-	\-	\-	\-	\-	✔	✔	\-	\-	\-
408	Flicker Scan Enable Status	:ref:`CrDeviceProperty_FlickerScanEnableStatus<dp-FlickerScanEnableStatus>`	R/T	✔	✔	\-	✔	\-	✔	\-	\-	✔	\-	\-	✔	\-	\-	\-	\-	✔	\-	\-	\-	\-	\-	✔	✔	\-	\-	\-
409	FTP Transfer Setting Save Operation Enable Status	:ref:`CrDeviceProperty_FTPTransferSetting_SaveOperationEnableStatus<dp-FTPTransferSetting_SaveOperationEnableStatus>`	R/T	✔	✔	✔	✔	\-	\-	\-	\-	✔	✔	✔	✔	\-	\-	\-	\-	✔	\-	\-	\-	\-	\-	\-	\-	\-	\-	\-
410	FTP Transfer Setting Read Operation Enable Status	:ref:`CrDeviceProperty_FTPTransferSetting_ReadOperationEnableStatus<dp-FTPTransferSetting_ReadOperationEnableStatus>`	R/T	✔	✔	✔	✔	\-	\-	\-	\-	✔	✔	✔	✔	\-	\-	\-	\-	✔	\-	\-	\-	\-	\-	\-	\-	\-	\-	\-
411	FTP Transfer Setting Save/Read State	:ref:`CrDeviceProperty_FTPTransferSetting_SaveRead_State<dp-FTPTransferSetting_SaveRead_State>`	R/T	✔	✔	✔	✔	\-	\-	\-	\-	✔	✔	✔	✔	\-	\-	\-	\-	✔	\-	\-	\-	\-	\-	\-	\-	\-	\-	\-
412	Camera Shake Status	:ref:`CrDeviceProperty_CameraShakeStatus<dp-CameraShakeStatus>`	R/T	✔	✔	✔	✔	\-	✔	\-	\-	✔	✔	✔	✔	\-	✔	\-	\-	✔	✔	✔	✔	\-	\-	✔	✔	\-	\-	\-
413	Update Body Status	:ref:`CrDeviceProperty_UpdateBodyStatus<dp-UpdateBodyStatus>`	R/T	✔	✔	✔	✔	\-	✔	\-	\-	✔	✔	✔	✔	\-	✔	\-	\-	✔	✔	✔	✔	\-	\-	✔	✔	\-	\-	\-
414	Media SLOT1 Writing State	:ref:`CrDeviceProperty_MediaSLOT1_WritingState<dp-MediaSLOT1_WritingState>`	R/T	✔	✔	✔	✔	\-	✔	\-	\-	✔	✔	✔	✔	\-	✔	\-	\-	✔	✔	✔	✔	\-	\-	✔	✔	\-	\-	\-
415	Media SLOT2 Writing State	:ref:`CrDeviceProperty_MediaSLOT2_WritingState<dp-MediaSLOT2_WritingState>`	R/T	\-	✔	✔	✔	\-	✔	\-	\-	\-	✔	✔	\-	\-	\-	\-	\-	✔	✔	✔	✔	\-	\-	\-	\-	\-	\-	\-
416	Media SLOT1 Recording Available Type	:ref:`CrDeviceProperty_MediaSLOT1_RecordingAvailableType<dp-MediaSLOT1_RecordingAvailableType>`	R/T	\-	\-	\-	\-	\-	\-	\-	\-	\-	\-	\-	\-	\-	\-	✔	✔	\-	\-	\-	\-	✔	✔	\-	\-	\-	✔	✔
417	Media SLOT2 Recording Available Type	:ref:`CrDeviceProperty_MediaSLOT2_RecordingAvailableType<dp-MediaSLOT2_RecordingAvailableType>`	R/T	\-	\-	\-	\-	\-	\-	\-	\-	\-	\-	\-	\-	\-	\-	✔	✔	\-	\-	\-	\-	✔	✔	\-	\-	\-	✔	✔
418	Lens Model Name	:ref:`CrDeviceProperty_LensModelName<dp-LensModelName>`	R/T	✔	✔	✔	✔	\-	✔	\-	\-	✔	✔	✔	✔	\-	✔	\-	\-	✔	✔	✔	✔	\-	\-	✔	✔	\-	✔	\-
419	Focus Position Current Value	:ref:`CrDeviceProperty_FocusPositionCurrentValue<dp-FocusPositionCurrentValue>`	R/T	✔	✔	✔	✔	\-	\-	\-	\-	✔	✔	✔	✔	\-	\-	\-	\-	✔	✔	✔	✔	\-	\-	\-	✔	\-	\-	\*1
420	Focus Driving Status	:ref:`CrDeviceProperty_FocusDrivingStatus<dp-FocusDrivingStatus>`	R/T	✔	✔	✔	✔	\-	\-	\-	\-	✔	✔	\-	✔	\-	✔	\-	\-	✔	\-	\-	\-	\-	\-	\-	✔	\-	\-	\-
421	Button Assignment Assignable 10	:ref:`CrDeviceProperty_ButtonAssignmentAssignable10<dp-ButtonAssignmentAssignable10>`	R/T	\-	\-	\-	\-	\-	\-	\-	\-	\-	\-	\-	\-	\-	\-	✔	\-	\-	\-	\-	\-	✔	✔	\-	\-	\-	\-	✔
422	Button Assignment Assignable 11	:ref:`CrDeviceProperty_ButtonAssignmentAssignable11<dp-ButtonAssignmentAssignable11>`	R/T	\-	\-	\-	\-	\-	\-	\-	\-	\-	\-	\-	\-	\-	\-	✔	\-	\-	\-	\-	\-	✔	✔	\-	\-	\-	\-	✔
423	Assignable Button 10	:ref:`CrDeviceProperty_AssignableButton10<dp-AssignableButton10>`	R/T	\-	\-	\-	\-	\-	\-	\-	\-	\-	\-	\-	\-	\-	\-	✔	\-	\-	\-	\-	\-	✔	✔	\-	\-	\-	\-	✔
424	Assignable Button 11	:ref:`CrDeviceProperty_AssignableButton11<dp-AssignableButton11>`	R/T	\-	\-	\-	\-	\-	\-	\-	\-	\-	\-	\-	\-	\-	\-	✔	\-	\-	\-	\-	\-	✔	✔	\-	\-	\-	\-	✔
425	Assignable Button Indicator 10	:ref:`CrDeviceProperty_AssignableButtonIndicator10<dp-AssignableButtonIndicator10>`	R/T	\-	\-	\-	\-	\-	\-	\-	\-	\-	\-	\-	\-	\-	\-	✔	\-	\-	\-	\-	\-	✔	✔	\-	\-	\-	\-	\*1
426	Assignable Button Indicator 11	:ref:`CrDeviceProperty_AssignableButtonIndicator11<dp-AssignableButtonIndicator11>`	R/T	\-	\-	\-	\-	\-	\-	\-	\-	\-	\-	\-	\-	\-	\-	✔	\-	\-	\-	\-	\-	✔	✔	\-	\-	\-	\-	✔
427	ND Filter Unit Setting	:ref:`CrDeviceProperty_NDFilterUnitSetting<dp-NDFilterUnitSetting>`	R/T	\-	\-	\-	\-	\-	\-	\-	\-	\-	\-	\-	\-	\-	\-	\*1	\-	\-	\-	\-	\-	\-	\-	\-	\-	\-	\-	\-
428	ND Filter Optical Density Value	:ref:`CrDeviceProperty_NDFilterOpticalDensityValue<dp-NDFilterOpticalDensityValue>`	R/T	\-	\-	\-	\-	\-	\-	\-	\-	\-	\-	\-	\-	\-	\-	✔	\-	\-	\-	\-	\-	\-	\-	\-	\-	\-	\-	\-
429	T-Number	:ref:`CrDeviceProperty_TNumber<dp-TNumber>`	R/T	\-	\-	\-	\-	\-	\-	\-	\-	\-	\-	\-	\-	\-	\-	✔	\-	\-	\-	\-	\-	\-	\-	\-	\-	\-	\-	\-
430	Iris Display Unit	:ref:`CrDeviceProperty_IrisDisplayUnit<dp-IrisDisplayUnit>`	R/T	\-	\-	\-	\-	\-	\-	\-	\-	\-	\-	\-	\-	\-	\-	\*1	\*1	\-	\-	\-	\-	\*1	\*1	\-	\-	\-	\*1	\*1
431	Image Stabilization Level (Movie)	:ref:`CrDeviceProperty_Movie_ImageStabilizationLevel<dp-Movie_ImageStabilizationLevel>`	R/T	\-	\-	\-	\-	\-	\-	\-	\-	\-	\-	\-	\-	\-	\-	✔	\-	\-	\-	\-	\-	\-	\-	\-	\-	\-	\-	\-
432	Image Stabilization Steady Shot Adjust	:ref:`CrDeviceProperty_ImageStabilizationSteadyShotAdjust<dp-ImageStabilizationSteadyShotAdjust>`	R/T	\-	✔	\-	✔	\-	✔	\-	\-	✔	✔	✔	✔	\-	✔	✔	\-	✔	✔	✔	✔	\-	\-	✔	✔	\-	\-	\-
433	Image Stabilization Steady Shot Focal Length	:ref:`CrDeviceProperty_ImageStabilizationSteadyShotFocalLength<dp-ImageStabilizationSteadyShotFocalLength>`	R/T	\-	✔	\-	✔	\-	✔	\-	\-	✔	✔	✔	✔	\-	✔	✔	\-	✔	✔	✔	✔	\-	\-	✔	\-	\-	\-	\-
434	Camera Operating Mode	:ref:`CrDeviceProperty_CameraOperatingMode<dp-CameraOperatingMode>`	R/T	✔	✔	✔	✔	\-	✔	\-	\-	✔	✔	✔	✔	\-	✔	✔	✔	✔	✔	✔	✔	✔	✔	✔	✔	\-	✔	✔
435	Playback View Mode	:ref:`CrDeviceProperty_PlaybackViewMode<dp-PlaybackViewMode>`	R/T	\-	\-	\-	\-	\-	\-	\-	\-	\-	\-	\-	\-	\-	\-	✔	✔	\-	\-	\-	\-	✔	✔	\-	\-	\-	✔	✔
436	Media SLOT3 Status	:ref:`CrDeviceProperty_MediaSLOT3_Status<dp-MediaSLOT3_Status>`	R/T	\-	\-	\-	\-	\-	\-	\-	\-	\-	\-	\-	\-	\-	\-	✔	\-	\-	\-	\-	\-	\-	\-	\-	\-	\-	\-	\-
437	Media SLOT3 Remaining Time	:ref:`CrDeviceProperty_MediaSLOT3_RemainingTime<dp-MediaSLOT3_RemainingTime>`	R/T	\-	\-	\-	\-	\-	\-	\-	\-	\-	\-	\-	\-	\-	\-	✔	\-	\-	\-	\-	\-	\-	\-	\-	\-	\-	\-	\-
438	Media SLOT3 Recording Available Type	:ref:`CrDeviceProperty_MediaSLOT3_RecordingAvailableType<dp-MediaSLOT3_RecordingAvailableType>`	R/T	\-	\-	\-	\-	\-	\-	\-	\-	\-	\-	\-	\-	\-	\-	✔	\-	\-	\-	\-	\-	\-	\-	\-	\-	\-	\-	\-
439	Monitoring Setting Version	:ref:`CrDeviceProperty_MonitoringSettingVersion<dp-MonitoringSettingVersion>`	R/T	\-	\-	\-	\-	\-	\-	\-	\-	\-	\-	\-	\-	\-	\-	✔	✔	\-	✔	✔	✔	✔	✔	\-	\-	\-	\-	\-
440	Monitoring Delivery Type Support Info	:ref:`CrDeviceProperty_MonitoringDeliveryTypeSupportInfo<dp-MonitoringDeliveryTypeSupportInfo>`	R/T	\-	\-	\-	\-	\-	\-	\-	\-	\-	\-	\-	\-	\-	\-	✔	✔	\*1	✔	✔	✔	✔	✔	\-	\-	\-	\-	\-
441	Monitoring Delivering Status	:ref:`CrDeviceProperty_MonitoringDeliveringStatus<dp-MonitoringDeliveringStatus>`	R/T	\-	\-	\-	\-	\-	\-	\-	\-	\-	\-	\-	\-	\-	\-	✔	✔	\-	✔	✔	✔	✔	✔	\-	\-	\-	\-	\-
442	Monitoring is Delivering	:ref:`CrDeviceProperty_MonitoringIsDelivering<dp-MonitoringIsDelivering>`	R/T	\-	\-	\-	\-	\-	\-	\-	\-	\-	\-	\-	\-	\-	\-	✔	✔	\-	✔	✔	✔	✔	✔	\-	\-	\-	\-	\-
443	Audio Level Display	:ref:`CrDeviceProperty_AudioLevelDisplay<dp-AudioLevelDisplay>`	R/T	\-	\-	\-	\-	\-	\-	\-	\-	\-	\-	✔	\-	\-	\-	\-	\-	\-	\-	\-	\-	\-	\-	\-	\-	\-	\-	\-
444	HDMI Output Color Gamut for RAW Out (Movie)	:ref:`CrDeviceProperty_Movie_HDMIOutputColorGamutForRAWOut<dp-Movie_HDMIOutputColorGamutForRAWOut>`	R/T	\-	\-	✔	\-	\-	✔	\-	\-	\-	\-	\-	\-	\-	\-	\-	\-	\-	\-	\-	\-	\-	\-	\-	\-	\-	\-	\-
445	e-Front Curtain Shutter	:ref:`CrDeviceProperty_ElectricFrontCurtainShutter<dp-ElectricFrontCurtainShutter>`	R/T	\-	\-	\-	\-	\-	✔	\-	\-	\-	✔	✔	\-	\-	\-	\-	\-	\-	✔	✔	\-	\-	\-	\-	\-	\-	\-	\-
446	Camera Error Caution Status	:ref:`CrDeviceProperty_CameraErrorCautionStatus<dp-CameraErrorCautionStatus>`	R/T	✔	✔	✔	✔	\-	✔	\-	\-	✔	✔	✔	✔	\-	✔	\-	\-	✔	✔	✔	✔	\-	\-	✔	✔	\-	\-	\-
447	System Error Caution Status	:ref:`CrDeviceProperty_SystemErrorCautionStatus<dp-SystemErrorCautionStatus>`	R/T	✔	✔	✔	✔	\-	✔	\-	\-	✔	✔	✔	✔	\-	✔	\-	\-	✔	✔	✔	✔	\-	\-	✔	✔	\-	\-	\-
448	Extended Shutter Speed	:ref:`CrDeviceProperty_ExtendedShutterSpeed<dp-ExtendedShutterSpeed>`	R/T	\-	✔	✔	✔	\-	\-	\-	\-	\-	✔	\-	\-	\-	\-	\-	\-	✔	\-	\-	\-	\-	\-	\-	✔	\-	\-	\-
449	Camera Button Function	:ref:`CrDeviceProperty_CameraButtonFunction<dp-CameraButtonFunction>`	R/T	✔	✔	✔	✔	\-	✔	\-	\-	\-	✔	✔	\-	\-	✔	\-	\-	✔	✔	✔	✔	✔	✔	✔	✔	\-	\-	\-
450	Camera Button Function(Multi)	:ref:`CrDeviceProperty_CameraButtonFunctionMulti<dp-CameraButtonFunctionMulti>`	R/T	✔	✔	✔	✔	\-	✔	\-	\-	\-	✔	✔	\-	\-	✔	\-	\-	✔	✔	✔	✔	✔	✔	✔	✔	\-	\-	\-
451	Camera Dial Function	:ref:`CrDeviceProperty_CameraDialFunction<dp-CameraDialFunction>`	R/T	✔	✔	✔	✔	\-	✔	\-	\-	\-	✔	✔	\-	\-	✔	\-	\-	✔	✔	✔	✔	\-	\-	✔	✔	\-	\-	\-
452	Camera Button Function Status	:ref:`CrDeviceProperty_CameraButtonFunctionStatus<dp-CameraButtonFunctionStatus>`	R/T	✔	✔	✔	✔	\-	✔	\-	\-	✔	✔	✔	✔	\-	✔	✔	\-	✔	✔	✔	✔	✔	✔	✔	✔	\-	\-	\-
453	Synchroterminal Forced Output	:ref:`CrDeviceProperty_SynchroterminalForcedOutput<dp-SynchroterminalForcedOutput>`	R/T	\-	✔	\-	✔	\-	\-	\-	\-	\-	\-	\-	\-	\-	\-	\-	\-	\-	\-	\-	\-	\-	\-	\-	\-	\-	\-	\-
454	Shutter Release Time Lag Control	:ref:`CrDeviceProperty_ShutterReleaseTimeLagControl<dp-ShutterReleaseTimeLagControl>`	R/T	\-	✔	\-	✔	\-	\-	\-	\-	\-	\-	\-	\-	\-	\-	\-	\-	\-	\-	\-	\-	\-	\-	\-	\-	\-	\-	\-
455	Flicker Less Shooting Status	:ref:`CrDeviceProperty_FlickerLessShootingStatus<dp-FlickerLessShootingStatus>`	R/T	\-	✔	✔	✔	\-	\-	\-	\-	\-	\-	\-	\-	\-	\-	\-	\-	✔	\-	\-	\-	\-	\-	\-	\-	\-	\-	\-
456	Control Spot Boosting button 	:ref:`CrCommandId_ContinuousShootingSpotBoost<command-ContinuousShootingSpotBoost>`	R/T	\-	✔	\-	✔	\-	\-	\-	\-	\-	\-	\-	\-	\-	\-	\-	\-	\-	\-	\-	\-	\-	\-	\-	\-	\-	\-	\-
457	Control Spot Boost Status	:ref:`CrDeviceProperty_ContinuousShootingSpotBoostStatus<dp-ContinuousShootingSpotBoostStatus>`	R/T	\-	✔	\-	✔	\-	\-	\-	\-	\-	\-	\-	\-	\-	\-	\-	\-	\-	\-	\-	\-	\-	\-	\-	\-	\-	\-	\-
458	Control Spot Boost Enable Status	:ref:`CrDeviceProperty_ContinuousShootingSpotBoostEnableStatus<dp-ContinuousShootingSpotBoostEnableStatus>`	R/T	\-	✔	\-	✔	\-	\-	\-	\-	\-	\-	\-	\-	\-	\-	\-	\-	\-	\-	\-	\-	\-	\-	\-	\-	\-	\-	\-
459	Control Spot Boost Frame Speed	:ref:`CrDeviceProperty_ContinuousShootingSpotBoostFrameSpeed<dp-ContinuousShootingSpotBoostFrameSpeed>`	R/T	\-	✔	\-	✔	\-	\-	\-	\-	\-	\-	\-	\-	\-	\-	\-	\-	\-	\-	\-	\-	\-	\-	\-	\-	\-	\-	\-
460	Time Shift Shooting	:ref:`CrDeviceProperty_TimeShiftShooting<dp-TimeShiftShooting>`	R/T	\-	✔	\-	✔	\-	\-	\-	\-	\-	\-	\-	\-	\-	\-	\-	\-	\-	\-	\-	\-	\-	\-	\-	\-	\-	\-	\-
461	Time Shift Trigger Setting	:ref:`CrDeviceProperty_TimeShiftTriggerSetting<dp-TimeShiftTriggerSetting>`	R/T	\-	✔	\-	✔	\-	\-	\-	\-	\-	\-	\-	\-	\-	\-	\-	\-	\-	\-	\-	\-	\-	\-	\-	\-	\-	\-	\-
462	Time Shift Pre Shooting Time Setting	:ref:`CrDeviceProperty_TimeShiftPreShootingTimeSetting<dp-TimeShiftPreShootingTimeSetting>`	R/T	\-	✔	\-	✔	\-	\-	\-	\-	\-	\-	\-	\-	\-	\-	\-	\-	\-	\-	\-	\-	\-	\-	\-	\-	\-	\-	\-
463	Time Shift Shooting Status	:ref:`CrDeviceProperty_TimeShiftShootingStatus<dp-TimeShiftShootingStatus>`	R/T	\-	✔	\-	✔	\-	\-	\-	\-	\-	\-	\-	\-	\-	\-	\-	\-	\-	\-	\-	\-	\-	\-	\-	\-	\-	\-	\-
464	Zoom Driving Status	:ref:`CrDeviceProperty_ZoomDrivingStatus<dp-ZoomDrivingStatus>`	R/T	✔	✔	✔	✔	\-	\-	\-	\-	✔	✔	✔	✔	\-	✔	\-	\-	✔	✔	✔	✔	\-	\-	\-	✔	\-	\-	\-
465	Embed LUT File	:ref:`CrDeviceProperty_EmbedLUTFile<dp-EmbedLUTFile>`	R/T	✔	✔	\-	✔	\-	\-	\-	\-	✔	✔	\-	✔	\-	✔	\-	\-	✔	✔	✔	✔	\-	\-	✔	✔	\-	\-	\-
466	APS-C/Super 35mm shooting	:ref:`CrDeviceProperty_APS_C_S35<dp-APS_C_S35>`	R/T	✔	✔	\-	✔	\-	✔	\-	\-	\-	\-	✔	\-	\-	\-	\-	\-	✔	✔	✔	\-	\-	\-	✔	\-	\-	\-	\-
467	Lens Compensation Shading	:ref:`CrDeviceProperty_LensCompensationShading<dp-LensCompensationShading>`	R/T	✔	✔	✔	✔	\-	✔	\-	\-	✔	✔	✔	✔	\-	✔	\-	\-	✔	✔	✔	✔	\-	\-	✔	✔	\-	\-	\-
468	Lens Compensation Chromatic Aberration	:ref:`CrDeviceProperty_LensCompensationChromaticAberration<dp-LensCompensationChromaticAberration>`	R/T	✔	✔	✔	✔	\-	✔	\-	\-	✔	✔	✔	✔	\-	✔	\-	\-	✔	✔	✔	✔	\-	\-	✔	✔	\-	\-	\-
469	Lens Compensation Distortion	:ref:`CrDeviceProperty_LensCompensationDistortion<dp-LensCompensationDistortion>`	R/T	✔	✔	✔	✔	\-	✔	\-	\-	✔	✔	✔	✔	\-	✔	\-	\-	✔	✔	✔	✔	\-	\-	✔	✔	\-	\-	\-
470	Lens Compensation Breathing	:ref:`CrDeviceProperty_LensCompensationBreathing<dp-LensCompensationBreathing>`	R/T	✔	✔	✔	✔	\-	✔	\-	\-	✔	✔	✔	✔	\-	✔	\-	\-	✔	✔	✔	✔	\-	\-	✔	✔	\-	\-	\-
471	Shooting Self Timer Status	:ref:`CrDeviceProperty_ShootingSelfTimerStatus<dp-ShootingSelfTimerStatus>`	R/T	✔	✔	✔	✔	\-	✔	\-	\-	✔	✔	✔	✔	\-	✔	\-	\-	✔	✔	✔	✔	\-	\-	✔	✔	\-	\-	\-
472	Recording Media	:ref:`CrDeviceProperty_RecordingMedia<dp-RecordingMedia>`	R/T	\-	✔	✔	✔	\-	✔	\-	\-	\-	✔	✔	\-	\-	\-	\-	\-	✔	✔	✔	✔	\-	\-	\-	\-	\-	\-	\-
473	Recording Media(Movie)	:ref:`CrDeviceProperty_Movie_RecordingMedia<dp-Movie_RecordingMedia>`	R/T	\-	✔	✔	✔	\-	✔	\-	\-	\-	✔	✔	\-	\-	\-	\-	\-	✔	✔	✔	✔	\-	\-	\-	\-	\-	\-	\-
474	Auto Switch Media	:ref:`CrDeviceProperty_AutoSwitchMedia<dp-AutoSwitchMedia>`	R/T	\-	✔	✔	✔	\-	✔	\-	\-	\-	✔	✔	\-	\-	\-	\-	\-	✔	✔	✔	✔	\-	\-	\-	\-	\-	\-	\-
475	Recording File Number	:ref:`CrDeviceProperty_RecordingFileNumber<dp-RecordingFileNumber>`	R/T	\-	✔	\-	✔	\-	✔	\-	\-	✔	✔	✔	✔	\-	✔	\-	\-	✔	✔	✔	✔	\-	\-	✔	✔	\-	\-	\-
476	Recording File Number(Movie)	:ref:`CrDeviceProperty_Movie_RecordingFileNumber<dp-Movie_RecordingFileNumber>`	R/T	\-	✔	\-	✔	\-	\-	\-	\-	✔	✔	\-	✔	\-	✔	\-	\-	✔	\-	\-	\-	\-	\-	✔	\-	\-	\-	\-
477	Recording Setting File Name	:ref:`CrDeviceProperty_RecordingSettingFileName<dp-RecordingSettingFileName>`	R/T	✔	✔	\-	✔	\-	✔	\-	\-	✔	✔	✔	✔	\-	✔	\-	\-	✔	✔	✔	✔	\-	\-	✔	✔	\-	\-	\-
478	Recording Folder Format	:ref:`CrDeviceProperty_RecordingFolderFormat<dp-RecordingFolderFormat>`	R/T	✔	✔	\-	✔	\-	✔	\-	\-	✔	✔	✔	✔	\-	✔	\-	\-	✔	✔	✔	✔	\-	\-	✔	✔	\-	\-	\-
479	Create New Folder	:ref:`CrDeviceProperty_CreateNewFolder<dp-CreateNewFolder>`	R/T	✔	✔	\-	✔	\-	✔	\-	\-	✔	✔	✔	✔	\-	✔	\-	\-	✔	✔	✔	✔	\-	\-	✔	✔	\-	\-	\-
480	Create New Folder Enable Status	:ref:`CrDeviceProperty_CreateNewFolderEnableStatus<dp-CreateNewFolderEnableStatus>`	R/T	✔	✔	\-	✔	\-	✔	\-	\-	✔	✔	✔	✔	\-	✔	\-	\-	✔	✔	✔	✔	\-	\-	✔	✔	\-	\-	\-
481	Select IPTC Metadata	:ref:`CrDeviceProperty_SelectIPTCMetadata<dp-SelectIPTCMetadata>`	R/T	\-	✔	✔	✔	\-	\-	\-	\-	✔	✔	\-	✔	\-	\-	\-	\-	✔	\-	\-	\-	\-	\-	\-	\-	\-	\-	\-
482	Write Copyright Info	:ref:`CrDeviceProperty_WriteCopyrightInfo<dp-WriteCopyrightInfo>`	R/T	✔	✔	\-	✔	\-	✔	\-	\-	✔	✔	✔	✔	\-	✔	\-	\-	✔	✔	✔	✔	\-	\-	✔	✔	\-	\-	\-
483	Set Photographer	:ref:`CrDeviceProperty_SetPhotographer<dp-SetPhotographer>`	R/T	✔	✔	\-	✔	\-	✔	\-	\-	✔	✔	✔	✔	\-	✔	\-	\-	✔	✔	✔	✔	\-	\-	✔	✔	\-	\-	\-
484	Set Copyright	:ref:`CrDeviceProperty_SetCopyright<dp-SetCopyright>`	R/T	✔	✔	\-	✔	\-	✔	\-	\-	✔	✔	✔	✔	\-	✔	\-	\-	✔	✔	✔	✔	\-	\-	✔	✔	\-	\-	\-
485	File Settings Title Name Settings	:ref:`CrDeviceProperty_FileSettingsTitleNameSettings<dp-FileSettingsTitleNameSettings>`	R/T	✔	✔	\-	✔	\-	✔	\-	\-	✔	✔	✔	✔	\-	✔	\-	\-	✔	✔	✔	✔	\-	\-	✔	✔	\-	\-	\-
486	Forced File Number Reset	:ref:`CrCommandId_ForcedFileNumberReset<command-ForcedFileNumberReset>`	R/T	\-	✔	\-	✔	\-	\-	\-	\-	✔	✔	✔	✔	\-	✔	\-	\-	✔	✔	✔	\-	\-	\-	\-	✔	\-	\-	\-
487	Forced File Number Reset Enable Status	:ref:`CrDeviceProperty_ForcedFileNumberResetEnableStatus<dp-ForcedFileNumberResetEnableStatus>`	R/T	\-	✔	\-	✔	\-	\-	\-	\-	✔	✔	✔	✔	\-	✔	\-	\-	✔	✔	✔	\-	\-	\-	\-	✔	\-	\-	\-
488	Focus Bracket Recording Folder	:ref:`CrDeviceProperty_FocusBracketRecordingFolder<dp-FocusBracketRecordingFolder>`	R/T	✔	✔	✔	✔	\-	✔	\-	\-	✔	✔	\-	✔	\-	✔	\-	\-	✔	\-	\-	\-	\-	\-	✔	✔	\-	\-	\-
489	Release Without Lens	:ref:`CrDeviceProperty_ReleaseWithoutLens<dp-ReleaseWithoutLens>`	R/T	✔	✔	✔	✔	\-	✔	\-	\-	✔	✔	✔	✔	\-	✔	\-	\-	✔	✔	✔	✔	\-	\-	✔	✔	\-	\-	\-
490	Release Without Card	:ref:`CrDeviceProperty_ReleaseWithoutCard<dp-ReleaseWithoutCard>`	R/T	✔	✔	✔	✔	\-	✔	\-	\-	✔	✔	✔	✔	\-	✔	\-	\-	✔	✔	✔	✔	\-	\-	✔	✔	\-	\-	\-
491	Grid Line Display	:ref:`CrDeviceProperty_GridLineDisplay<dp-GridLineDisplay>`	R/T	\-	✔	\-	✔	\-	✔	\-	\-	✔	✔	✔	✔	\-	✔	\-	\-	✔	✔	✔	✔	\-	\-	✔	✔	\-	\-	\-
492	Continuous Shooting Speed in Electric Shutter(Hi+)	:ref:`CrDeviceProperty_ContinuousShootingSpeedInElectricShutterHiPlus<dp-ContinuousShootingSpeedInElectricShutterHiPlus>`	R/T	\-	✔	\-	✔	\-	\-	\-	\-	\-	\-	\-	\-	\-	\-	\-	\-	\-	\-	\-	\-	\-	\-	\-	\-	\-	\-	\-
493	Continuous Shooting Speed in Electric Shutter(Hi)	:ref:`CrDeviceProperty_ContinuousShootingSpeedInElectricShutterHi<dp-ContinuousShootingSpeedInElectricShutterHi>`	R/T	\-	✔	✔	✔	\-	\-	\-	\-	\-	\-	\-	\-	\-	\-	\-	\-	\-	\-	\-	\-	\-	\-	\-	\-	\-	\-	\-
494	Continuous Shooting Speed in Electric Shutter(Mid)	:ref:`CrDeviceProperty_ContinuousShootingSpeedInElectricShutterMid<dp-ContinuousShootingSpeedInElectricShutterMid>`	R/T	\-	✔	✔	✔	\-	\-	\-	\-	\-	\-	\-	\-	\-	\-	\-	\-	\-	\-	\-	\-	\-	\-	\-	\-	\-	\-	\-
495	Continuous Shooting Speed in Electric Shutter(Lo)	:ref:`CrDeviceProperty_ContinuousShootingSpeedInElectricShutterLo<dp-ContinuousShootingSpeedInElectricShutterLo>`	R/T	\-	✔	✔	✔	\-	\-	\-	\-	\-	\-	\-	\-	\-	\-	\-	\-	\-	\-	\-	\-	\-	\-	\-	\-	\-	\-	\-
496	ISO Auto Range Limit Min	:ref:`CrDeviceProperty_IsoAutoRangeLimitMin<dp-IsoAutoRangeLimitMin>`	R/T	✔	✔	✔	✔	\-	✔	\-	\-	✔	✔	✔	✔	\-	✔	\-	\-	✔	✔	✔	✔	\-	\-	✔	✔	\-	\-	\-
497	ISO Auto Range Limit Max	:ref:`CrDeviceProperty_IsoAutoRangeLimitMax<dp-IsoAutoRangeLimitMax>`	R/T	✔	✔	✔	✔	\-	✔	\-	\-	✔	✔	✔	✔	\-	✔	\-	\-	✔	✔	✔	✔	\-	\-	✔	✔	\-	\-	\-
498	Face Priority in Multi Metering	:ref:`CrDeviceProperty_FacePriorityInMultiMetering<dp-FacePriorityInMultiMetering>`	R/T	✔	✔	\-	✔	\-	✔	\-	\-	✔	✔	✔	✔	\-	✔	\-	\-	✔	✔	✔	✔	\-	\-	✔	✔	\-	\-	\-
499	Priority Set in AWB	:ref:`CrDeviceProperty_PrioritySetInAWB<dp-PrioritySetInAWB>`	R/T	✔	✔	✔	✔	\-	✔	\-	\-	✔	✔	✔	✔	\-	✔	\-	\-	✔	✔	✔	✔	\-	\-	✔	✔	\-	\-	\-
500	CustomWB Size Setting	:ref:`CrDeviceProperty_CustomWB_Size_Setting<dp-CustomWB_Size_Setting>`	R/T	\-	✔	✔	✔	\-	\-	\-	\-	\-	✔	\-	\-	\-	\-	\-	\-	✔	\-	\-	\-	\-	\-	\-	✔	\-	\-	\-
501	AF Illuminator	:ref:`CrDeviceProperty_AFIlluminator<dp-AFIlluminator>`	R/T	\-	✔	✔	✔	\-	✔	\-	\-	✔	✔	✔	✔	\-	✔	\-	\-	\-	✔	✔	\-	\-	\-	\-	\-	\-	\-	\-
502	Aperture Drive in AF	:ref:`CrDeviceProperty_ApertureDriveInAF<dp-ApertureDriveInAF>`	R/T	✔	✔	✔	✔	\-	✔	\-	\-	✔	✔	✔	✔	\-	✔	\-	\-	✔	✔	✔	\-	\-	\-	✔	✔	\-	\-	\-
503	AF with Shutter	:ref:`CrDeviceProperty_AFWithShutter<dp-AFWithShutter>`	R/T	✔	✔	✔	✔	\-	✔	\-	\-	✔	✔	✔	✔	\-	✔	\-	\-	✔	✔	✔	✔	\-	\-	✔	✔	\-	\-	\-
504	Full Time DMF	:ref:`CrDeviceProperty_FullTimeDMF<dp-FullTimeDMF>`	R/T	✔	✔	\-	✔	\-	✔	\-	\-	✔	\-	\-	✔	\-	✔	\-	\-	✔	\-	\-	\-	\-	\-	\-	\-	\-	\-	\-
505	Pre-AF	:ref:`CrDeviceProperty_PreAF<dp-PreAF>`	R/T	✔	✔	✔	✔	\-	✔	\-	\-	✔	✔	✔	✔	\-	✔	\-	\-	✔	✔	✔	✔	\-	\-	✔	✔	\-	\-	\-
506	Subject Recognition Person Tracking Subject Shift Range	:ref:`CrDeviceProperty_SubjectRecognitionPersonTrackingSubjectShiftRange<dp-SubjectRecognitionPersonTrackingSubjectShiftRange>`	R/T	✔	✔	\-	✔	\-	✔	\-	\-	✔	✔	\-	✔	\-	✔	\-	\-	✔	\-	\-	\-	\-	\-	✔	\-	\-	\-	\-
507	Subject Recognition Animal+Bird Priority	:ref:`CrDeviceProperty_SubjectRecognitionAnimalBirdPriority<dp-SubjectRecognitionAnimalBirdPriority>`	R/T	✔	✔	\-	✔	\-	✔	\-	\-	✔	\-	\-	✔	\-	✔	\-	\-	✔	\-	\-	\-	\-	\-	✔	\-	\-	\-	\-
508	Subject Recognition Animal+Bird Detection Parts	:ref:`CrDeviceProperty_SubjectRecognitionAnimalBirdDetectionParts<dp-SubjectRecognitionAnimalBirdDetectionParts>`	R/T	✔	✔	\-	✔	\-	✔	\-	\-	✔	\-	\-	✔	\-	✔	\-	\-	✔	\-	\-	\-	\-	\-	✔	\-	\-	\-	\-
509	Subject Recognition Animal (Still) Tracking Subject Shift Range	:ref:`CrDeviceProperty_SubjectRecognitionAnimalTrackingSubjectShiftRange<dp-SubjectRecognitionAnimalTrackingSubjectShiftRange>`	R/T	✔	✔	\-	✔	\-	✔	\-	\-	✔	✔	\-	✔	\-	✔	\-	\-	✔	\-	\-	\-	\-	\-	✔	\-	\-	\-	\-
510	Subject Recognition Animal (Still) Tracking Sensitivity	:ref:`CrDeviceProperty_SubjectRecognitionAnimalTrackingSensitivity<dp-SubjectRecognitionAnimalTrackingSensitivity>`	R/T	✔	✔	\-	✔	\-	✔	\-	\-	✔	✔	\-	✔	\-	✔	\-	\-	✔	\-	\-	\-	\-	\-	✔	\-	\-	\-	\-
511	Subject Recognition Animal (Still) Detection Sensitivity	:ref:`CrDeviceProperty_SubjectRecognitionAnimalDetectionSensitivity<dp-SubjectRecognitionAnimalDetectionSensitivity>`	R/T	✔	✔	\-	✔	\-	✔	\-	\-	✔	✔	\-	✔	\-	✔	\-	\-	✔	\-	\-	\-	\-	\-	✔	\-	\-	\-	\-
512	Subject Recognition Animal (Still) Detection Parts	:ref:`CrDeviceProperty_SubjectRecognitionAnimalDetectionParts<dp-SubjectRecognitionAnimalDetectionParts>`	R/T	✔	✔	\-	✔	\-	✔	\-	\-	✔	✔	\-	✔	\-	✔	\-	\-	✔	\-	\-	\-	\-	\-	✔	\-	\-	\-	\-
513	Subject Recognition Bird Tracking Subject Shift Range	:ref:`CrDeviceProperty_SubjectRecognitionBirdTrackingSubjectShiftRange<dp-SubjectRecognitionBirdTrackingSubjectShiftRange>`	R/T	✔	✔	\-	✔	\-	✔	\-	\-	✔	\-	\-	✔	\-	✔	\-	\-	✔	\-	\-	\-	\-	\-	✔	\-	\-	\-	\-
514	Subject Recognition Bird Tracking Sensitivity	:ref:`CrDeviceProperty_SubjectRecognitionBirdTrackingSensitivity<dp-SubjectRecognitionBirdTrackingSensitivity>`	R/T	✔	✔	\-	✔	\-	✔	\-	\-	✔	\-	\-	✔	\-	✔	\-	\-	✔	\-	\-	\-	\-	\-	✔	\-	\-	\-	\-
515	Subject Recognition Bird Detection Sensitivity	:ref:`CrDeviceProperty_SubjectRecognitionBirdDetectionSensitivity<dp-SubjectRecognitionBirdDetectionSensitivity>`	R/T	✔	✔	\-	✔	\-	✔	\-	\-	✔	\-	\-	✔	\-	✔	\-	\-	✔	\-	\-	\-	\-	\-	✔	\-	\-	\-	\-
516	Subject Recognition Bird Detection Parts	:ref:`CrDeviceProperty_SubjectRecognitionBirdDetectionParts<dp-SubjectRecognitionBirdDetectionParts>`	R/T	✔	✔	\-	✔	\-	✔	\-	\-	✔	\-	\-	✔	\-	✔	\-	\-	✔	\-	\-	\-	\-	\-	✔	\-	\-	\-	\-
517	Subject Recognition Insect Tracking Subject Shift Range	:ref:`CrDeviceProperty_SubjectRecognitionInsectTrackingSubjectShiftRange<dp-SubjectRecognitionInsectTrackingSubjectShiftRange>`	R/T	✔	✔	\-	✔	\-	✔	\-	\-	✔	\-	\-	✔	\-	✔	\-	\-	✔	\-	\-	\-	\-	\-	✔	\-	\-	\-	\-
518	Subject Recognition Insect Tracking Sensitivity	:ref:`CrDeviceProperty_SubjectRecognitionInsectTrackingSensitivity<dp-SubjectRecognitionInsectTrackingSensitivity>`	R/T	✔	✔	\-	✔	\-	✔	\-	\-	✔	\-	\-	✔	\-	✔	\-	\-	✔	\-	\-	\-	\-	\-	✔	\-	\-	\-	\-
519	Subject Recognition Insect Detection Sensitivity	:ref:`CrDeviceProperty_SubjectRecognitionInsectDetectionSensitivity<dp-SubjectRecognitionInsectDetectionSensitivity>`	R/T	✔	✔	\-	✔	\-	✔	\-	\-	✔	\-	\-	✔	\-	✔	\-	\-	✔	\-	\-	\-	\-	\-	✔	\-	\-	\-	\-
520	Subject Recognition Car/Train Tracking Subject Shift Range	:ref:`CrDeviceProperty_SubjectRecognitionCarTrainTrackingSubjectShiftRange<dp-SubjectRecognitionCarTrainTrackingSubjectShiftRange>`	R/T	✔	✔	\-	✔	\-	✔	\-	\-	✔	\-	\-	✔	\-	✔	\-	\-	✔	\-	\-	\-	\-	\-	✔	\-	\-	\-	\-
521	Subject Recognition Car/Train Tracking Sensitivity	:ref:`CrDeviceProperty_SubjectRecognitionCarTrainTrackingSensitivity<dp-SubjectRecognitionCarTrainTrackingSensitivity>`	R/T	✔	✔	\-	✔	\-	✔	\-	\-	✔	\-	\-	✔	\-	✔	\-	\-	✔	\-	\-	\-	\-	\-	✔	\-	\-	\-	\-
522	Subject Recognition Car/Train Detection Sensitivity	:ref:`CrDeviceProperty_SubjectRecognitionCarTrainDetectionSensitivity<dp-SubjectRecognitionCarTrainDetectionSensitivity>`	R/T	✔	✔	\-	✔	\-	✔	\-	\-	✔	\-	\-	✔	\-	✔	\-	\-	✔	\-	\-	\-	\-	\-	✔	\-	\-	\-	\-
523	Subject Recognition Plane Tracking Subject Shift Range	:ref:`CrDeviceProperty_SubjectRecognitionPlaneTrackingSubjectShiftRange<dp-SubjectRecognitionPlaneTrackingSubjectShiftRange>`	R/T	✔	✔	\-	✔	\-	✔	\-	\-	✔	\-	\-	✔	\-	✔	\-	\-	✔	\-	\-	\-	\-	\-	✔	\-	\-	\-	\-
524	Subject Recognition Plane Tracking Sensitivity	:ref:`CrDeviceProperty_SubjectRecognitionPlaneTrackingSensitivity<dp-SubjectRecognitionPlaneTrackingSensitivity>`	R/T	✔	✔	\-	✔	\-	✔	\-	\-	✔	\-	\-	✔	\-	✔	\-	\-	✔	\-	\-	\-	\-	\-	✔	\-	\-	\-	\-
525	Subject Recognition Plane Detection Sensitivity	:ref:`CrDeviceProperty_SubjectRecognitionPlaneDetectionSensitivity<dp-SubjectRecognitionPlaneDetectionSensitivity>`	R/T	✔	✔	\-	✔	\-	✔	\-	\-	✔	\-	\-	✔	\-	✔	\-	\-	✔	\-	\-	\-	\-	\-	✔	\-	\-	\-	\-
526	Subject Recognition Priority on Registered Face	:ref:`CrDeviceProperty_SubjectRecognitionPriorityOnRegisteredFace<dp-SubjectRecognitionPriorityOnRegisteredFace>`	R/T	✔	✔	\-	✔	\-	✔	\-	\-	✔	\-	✔	✔	\-	✔	\-	\-	✔	\-	\-	\-	\-	\-	✔	✔	\-	\-	\-
527	Face/Eye Frame Display	:ref:`CrDeviceProperty_FaceEyeFrameDisplay<dp-FaceEyeFrameDisplay>`	R/T	✔	✔	\-	✔	\-	\-	\-	\-	\-	\-	✔	\-	\-	✔	\-	\-	✔	✔	✔	✔	\-	\-	✔	✔	\-	\-	\-
528	Focus  Map	:ref:`CrDeviceProperty_FocusMap<dp-FocusMap>`	R/T	✔	✔	\-	✔	\-	✔	\-	\-	✔	\-	✔	✔	\-	✔	\-	\-	✔	\-	\-	✔	\-	\-	✔	✔	\-	\-	\-
529	Initial Focus Magnifier	:ref:`CrDeviceProperty_InitialFocusMagnifier<dp-InitialFocusMagnifier>`	R/T	✔	✔	✔	✔	\-	✔	\-	\-	✔	✔	✔	✔	\-	✔	\-	\-	✔	✔	✔	✔	\-	\-	✔	✔	\-	\-	\-
530	AF in Focus Magnifier	:ref:`CrDeviceProperty_AFInFocusMagnifier<dp-AFInFocusMagnifier>`	R/T	✔	✔	✔	✔	\-	✔	\-	\-	✔	✔	✔	✔	\-	✔	\-	\-	✔	✔	✔	✔	\-	\-	✔	✔	\-	\-	\-
531	AF Track for Speed Change	:ref:`CrDeviceProperty_AFTrackForSpeedChange<dp-AFTrackForSpeedChange>`	R/T	\-	✔	\-	✔	\-	\-	\-	\-	\-	\-	\-	\-	\-	\-	\-	\-	✔	\-	\-	\-	\-	\-	\-	✔	\-	\-	\-
532	AF Free Size and Position Setting	:ref:`CrDeviceProperty_AFFreeSizeAndPositionSetting<dp-AFFreeSizeAndPositionSetting>`	R/T	\-	✔	\-	✔	\-	\-	\-	\-	\-	\-	\-	\-	\-	\-	\-	\-	✔	\-	\-	\-	\-	\-	\-	✔	\-	\-	\-
533	Default AF Free Size and Position Setting	:ref:`CrDeviceProperty_DefaultAFFreeSizeAndPositionSetting<dp-DefaultAFFreeSizeAndPositionSetting>`	R/T	\-	✔	\-	✔	\-	\-	\-	\-	\-	\-	\-	\-	\-	\-	\-	\-	✔	\-	\-	\-	\-	\-	\-	✔	\-	\-	\-
534	Tracking On + AF On Button	:ref:`CrCommandId_TrackingOnAndAFOn<command-TrackingOnAndAFOn>`	R/T	✔	✔	✔	✔	\-	✔	\-	\-	✔	\-	✔	✔	\-	✔	\-	\-	✔	\-	\-	\-	\-	\-	✔	✔	\-	\-	\-
535	Tracking On + AF On Enable Status	:ref:`CrDeviceProperty_TrackingOnAndAFOnEnableStatus<dp-TrackingOnAndAFOnEnableStatus>`	R/T	✔	✔	✔	✔	\-	✔	\-	\-	✔	\-	✔	✔	\-	✔	\-	\-	✔	\-	\-	✔	\-	\-	✔	✔	\-	\-	\-
536	Program Shift Status	:ref:`CrDeviceProperty_ProgramShiftStatus<dp-ProgramShiftStatus>`	R/T	✔	✔	✔	✔	\-	✔	\-	\-	✔	✔	✔	✔	\-	✔	\-	\-	✔	✔	✔	✔	\-	\-	✔	✔	\-	\-	\-
537	Metered Manual Level	:ref:`CrDeviceProperty_MeteredManualLevel<dp-MeteredManualLevel>`	R/T	✔	✔	✔	✔	\-	✔	\-	\-	✔	✔	✔	✔	\-	✔	\-	\-	✔	✔	✔	✔	\-	\-	✔	✔	\-	\-	\-
538	Zoom&Focus Preset Data Version	:ref:`CrDeviceProperty_ZoomAndFocusPresetDataVersion<dp-ZoomAndFocusPresetDataVersion>`	R/T	\-	✔	✔	✔	\-	\-	\-	\-	\-	✔	\-	\-	\-	\-	\-	\-	✔	\-	\-	\-	\-	\-	\-	✔	\-	\-	\-
539	Zoom&Focus Preset Zoom-only Set	:ref:`CrDeviceProperty_ZoomAndFocusPresetZoomOnly_Set<dp-ZoomAndFocusPresetZoomOnly_Set>`	R/T	\-	✔	✔	✔	\-	\-	\-	\-	\-	✔	\-	\-	\-	\-	\-	\-	✔	\-	\-	\-	\-	\-	\-	✔	\-	\-	\-
540	Play Set of Multi Media	:ref:`CrDeviceProperty_PlaySetOfMultiMedia<dp-PlaySetOfMultiMedia>`	R/T	\-	✔	\-	✔	\-	\-	\-	\-	\-	\-	\-	\-	\-	\-	\-	\-	✔	\-	\-	\-	\-	\-	\-	\-	\-	\-	\-
541	Remote Save Image Size	:ref:`CrDeviceProperty_RemoteSaveImageSize<dp-RemoteSaveImageSize>`	R/T	\-	✔	✔	✔	\-	✔	\-	\-	\-	\-	✔	\-	\-	\-	\-	\-	✔	\-	\-	✔	\-	\-	\-	\-	\-	\-	\-
542	FTP Transfer Still Image Quality Size	:ref:`CrDeviceProperty_FTP_TransferStillImageQualitySize<dp-FTP_TransferStillImageQualitySize>`	R/T	\-	✔	✔	✔	\-	✔	\-	\-	\-	\-	✔	\-	\-	\-	\-	\-	✔	\-	\-	✔	\-	\-	\-	\-	\-	\-	\-
543	Auto FTP Transfer Target(Still)	:ref:`CrDeviceProperty_FTP_AutoTransferTarget_StillImage<dp-FTP_AutoTransferTarget_StillImage>`	R/T	\-	✔	✔	✔	\-	\-	\-	\-	✔	✔	\-	✔	\-	\-	\-	\-	✔	\-	\-	\-	\-	\-	\-	\-	\-	\-	\-
544	Protect Image in FTP Transfer	:ref:`CrDeviceProperty_ProtectImageInFTPTransfer<dp-ProtectImageInFTPTransfer>`	R/T	\-	✔	✔	✔	\-	\-	\-	\-	\-	✔	\-	\-	\-	\-	\-	\-	✔	\-	\-	\-	\-	\-	\-	\-	\-	\-	\-
545	Monitor Brightness Type	:ref:`CrDeviceProperty_MonitorBrightnessType<dp-MonitorBrightnessType>`	R/T	\-	✔	\-	✔	\-	✔	\-	\-	✔	✔	✔	✔	\-	✔	\-	\-	✔	✔	\-	\-	\-	\-	✔	✔	\-	\-	\-
546	Monitor Brightness Manual	:ref:`CrDeviceProperty_MonitorBrightnessManual<dp-MonitorBrightnessManual>`	R/T	\-	✔	\-	✔	\-	✔	\-	\-	✔	✔	✔	✔	\-	✔	\-	\-	✔	✔	✔	✔	\-	\-	✔	✔	\-	\-	\-
547	Display Quality (Finder/Monitor)	:ref:`CrDeviceProperty_DisplayQualityFinder<dp-DisplayQualityFinder>`	R/T	\-	✔	✔	✔	\-	✔	\-	\-	✔	✔	✔	✔	\-	✔	\-	\-	✔	✔	✔	✔	\-	\-	✔	✔	\-	\-	\-
548	TC/UB Display Setting	:ref:`CrDeviceProperty_TCUBDisplaySetting<dp-TCUBDisplaySetting>`	R/T	✔	✔	\-	✔	\-	✔	\-	\-	✔	✔	✔	✔	\-	✔	\-	\-	✔	✔	✔	✔	\-	\-	✔	✔	\-	\-	\-
549	Gamma Display Assist	:ref:`CrDeviceProperty_GammaDisplayAssist<dp-GammaDisplayAssist>`	R/T	\-	✔	\-	✔	\-	✔	\-	\-	✔	✔	✔	✔	\-	✔	\-	\-	✔	✔	✔	✔	\-	\-	✔	✔	\-	\-	\-
550	Gamma Display Assist Type	:ref:`CrDeviceProperty_GammaDisplayAssistType<dp-GammaDisplayAssistType>`	R/T	\-	✔	\-	✔	\-	✔	\-	\-	✔	✔	✔	✔	\-	✔	\-	\-	✔	✔	✔	✔	\-	\-	✔	✔	\-	\-	\-
551	Audio Signals (Start/End)	:ref:`CrDeviceProperty_AudioSignalsStartEnd<dp-AudioSignalsStartEnd>`	R/T	\-	✔	\-	✔	\-	\-	\-	\-	✔	\-	\-	✔	\-	\-	\-	\-	✔	\-	\-	\-	\-	\-	\-	✔	\-	\-	\-
552	Audio Signals Volume	:ref:`CrDeviceProperty_AudioSignalsVolume<dp-AudioSignalsVolume>`	R/T	\-	✔	\-	✔	\-	\-	\-	\-	\-	\-	\-	\-	\-	\-	\-	\-	✔	\-	\-	\-	\-	\-	\-	✔	\-	\-	\-
553	Control for HDMI	:ref:`CrDeviceProperty_ControlForHDMI<dp-ControlForHDMI>`	R/T	✔	✔	✔	✔	\-	✔	\-	\-	✔	✔	✔	✔	\-	✔	\-	\-	✔	✔	✔	✔	\-	\-	✔	✔	\-	\-	\-
554	Anti-dust Shutter When Power Off	:ref:`CrDeviceProperty_AntidustShutterWhenPowerOff<dp-AntidustShutterWhenPowerOff>`	R/T	\-	✔	✔	✔	\-	✔	\-	\-	✔	✔	✔	✔	\-	\-	\-	\-	✔	\-	\-	\-	\-	\-	\-	\-	\-	\-	\-
555	Wake On LAN	:ref:`CrDeviceProperty_WakeOnLAN<dp-WakeOnLAN>`	R/T	\-	✔	\-	✔	\-	\-	\-	\-	\-	\-	\-	\-	\-	\-	\-	\-	\-	\-	\-	\-	\-	\-	\-	\-	\-	\-	\-
556	Second Battery Remaining	:ref:`CrDeviceProperty_SecondBatteryRemain<dp-SecondBatteryRemain>`	R/C/T	\-	✔	\-	✔	\-	\-	\-	\-	\-	\-	\-	\-	\-	\-	\-	\-	\-	\-	\-	\-	\-	\-	\-	\-	\-	\-	\-
557	Second Battery Level Indicator	:ref:`CrDeviceProperty_SecondBatteryLevel<dp-SecondBatteryLevel>`	R/C/T	\-	✔	\-	✔	\-	\-	\-	\-	\-	\-	\-	\-	\-	\-	\-	\-	\-	\-	\-	\-	\-	\-	\-	\-	\-	\-	\-
558	Total Battery Remaining	:ref:`CrDeviceProperty_TotalBatteryRemain<dp-TotalBatteryRemain>`	R/C/T	\-	✔	\-	✔	\-	\-	\-	\-	\-	\-	\-	\-	\-	\-	\-	\-	✔	\-	\-	\-	\-	\-	\-	\-	\-	\-	\-
559	Total Battery Level Indicator	:ref:`CrDeviceProperty_TotalBatteryLevel<dp-TotalBatteryLevel>`	R/C/T	\-	✔	\-	✔	\-	\-	\-	\-	\-	\-	\-	\-	\-	\-	\-	\-	✔	\-	\-	\-	\-	\-	\-	\-	\-	\-	\-
560	Body Serial Number	:ref:`CrDeviceProperty_BodySerialNumber<dp-BodySerialNumber>`	R/T	✔	✔	✔	✔	✔	✔	✔	✔	✔	✔	✔	✔	✔	✔	✔	✔	✔	✔	✔	✔	✔	✔	✔	✔	✔	✔	✔
561	Shutter Release	:ref:`CrDeviceProperty_S2<dp-S2>`	R/T	✔	✔	✔	✔	✔	✔	✔	✔	✔	✔	✔	✔	✔	✔	\-	\-	✔	✔	✔	✔	\-	\-	✔	✔	✔	\-	\-
562	Camera Lever Function	:ref:`CrDeviceProperty_CameraLeverFunction<dp-CameraLeverFunction>`	R/T	\-	\-	\-	\-	\-	\-	\-	\-	\-	\-	\-	\-	\-	\-	\-	\-	✔	✔	✔	✔	\-	\-	✔	✔	\-	\-	\-
563	Tele/Wide Lever  Value capability	:ref:`CrDeviceProperty_TeleWideLeverValueCapability<dp-TeleWideLeverValueCapability>`	R/T	\-	\-	\-	\-	\-	\-	\-	\-	\-	\-	\-	\-	\-	\-	\-	\-	✔	\-	\-	\-	\-	\-	✔	✔	\-	\-	\-
564	HW Signal Shooting Timing Pre-notification	:ref:`CrDeviceProperty_ShootingTimingPreNotificationMode<dp-ShootingTimingPreNotificationMode>`	R/T	✔	✔	✔	✔	\-	✔	\-	\-	✔	✔	✔	✔	\-	✔	\-	\-	✔	\-	\-	\-	\-	\-	\-	\-	\-	\-	\-
565	Microphone Directivity	:ref:`CrDeviceProperty_MicrophoneDirectivity<dp-MicrophoneDirectivity>`	R/T	\-	\-	\-	\-	\-	\-	\-	\-	\-	\-	\-	\-	\-	\-	\-	\-	\-	\-	\-	\-	\-	\-	✔	✔	\-	\-	\-
566	Product Showcase Set	:ref:`CrDeviceProperty_ProductShowcaseSet<dp-ProductShowcaseSet>`	R/T	\-	\-	\-	\-	\-	\-	\-	\-	\-	\-	\-	\-	\-	\-	\-	\-	\-	\-	\-	\-	\-	\-	✔	✔	\-	\-	\-
567	Amount of Defocus Setting	:ref:`CrDeviceProperty_AmountOfDefocusSetting<dp-AmountOfDefocusSetting>`	R/T	\-	\-	\-	\-	\-	\-	\-	\-	\-	\-	\-	\-	\-	\-	\-	\-	\-	\-	\-	\-	\-	\-	✔	✔	\-	\-	\-
568	Cinematic Vlog Setting	:ref:`CrDeviceProperty_CinematicVlogSetting<dp-CinematicVlogSetting>`	R/T	\-	\-	\-	\-	\-	\-	\-	\-	\-	\-	\-	\-	\-	\-	\-	\-	\-	\-	\-	\-	\-	\-	✔	✔	\-	\-	\-
569	Cinematic Vlog Look	:ref:`CrDeviceProperty_CinematicVlogLook<dp-CinematicVlogLook>`	R/T	\-	\-	\-	\-	\-	\-	\-	\-	\-	\-	\-	\-	\-	\-	\-	\-	\-	\-	\-	\-	\-	\-	✔	✔	\-	\-	\-
570	Cinematic Vlog Mood	:ref:`CrDeviceProperty_CinematicVlogMood<dp-CinematicVlogMood>`	R/T	\-	\-	\-	\-	\-	\-	\-	\-	\-	\-	\-	\-	\-	\-	\-	\-	\-	\-	\-	\-	\-	\-	✔	✔	\-	\-	\-
571	Cinematic Vlog AF Transition Speed	:ref:`CrDeviceProperty_CinematicVlogAFTransitionSpeed<dp-CinematicVlogAFTransitionSpeed>`	R/T	\-	\-	\-	\-	\-	\-	\-	\-	\-	\-	\-	\-	\-	\-	\-	\-	\-	\-	\-	\-	\-	\-	✔	✔	\-	\-	\-
572	Monitoring Output Display SDI	:ref:`CrDeviceProperty_MonitoringOutputDisplaySDI<dp-MonitoringOutputDisplaySDI>`	R/T	\-	\-	\-	\-	\-	\-	\-	\-	\-	\-	\-	\-	\-	\-	\-	\-	\-	\-	\-	\-	✔	\-	\-	\-	\-	\-	\-
573	AF Area Position(x,y) (AF-C)	:ref:`CrDeviceProperty_AFAreaPositionAF_C<dp-AFAreaPositionAF_C>`	R/T	\-	\-	\-	\-	\-	\-	\-	\-	\-	\-	\-	\-	\-	\-	\-	\-	\-	\-	\-	\-	✔	✔	\-	\-	\-	\-	✔
574	AF Area Position(x,y) (AF-S)	:ref:`CrDeviceProperty_AFAreaPositionAF_S<dp-AFAreaPositionAF_S>`	R/T	\-	\-	\-	\-	\-	\-	\-	\-	\-	\-	\-	\-	\-	\-	\-	\-	\-	\-	\-	\-	\-	\-	\-	\-	\-	\-	\-
575	Auto Focus Hold	:ref:`CrDeviceProperty_AutoFocusHold<dp-AutoFocusHold>`	R/T	\-	\-	\-	\-	\-	\-	\-	\-	\-	\-	\-	\-	\-	\-	\-	\-	\-	\-	\-	\-	✔	✔	\-	\-	\-	\-	✔
576	Push AF Mode Setting	:ref:`CrDeviceProperty_PushAFModeSetting<dp-PushAFModeSetting>`	R/T	\-	\-	\-	\-	\-	\-	\-	\-	\-	\-	\-	\-	\-	\-	\-	\-	\-	\-	\-	\-	\-	\-	\-	\-	\-	\-	\-
577	Touch Function in MF	:ref:`CrDeviceProperty_TouchFunctionInMF<dp-TouchFunctionInMF>`	R/T	\-	\-	\-	\-	\-	\-	\-	\-	\-	\-	\-	\-	\-	\-	\-	\-	\-	\-	\-	\-	✔	✔	\-	\-	\-	\-	✔
578	Push Auto Focus	:ref:`CrDeviceProperty_PushAutoFocus<dp-PushAutoFocus>`	R/T	\-	\-	\-	\-	\-	\-	\-	\-	\-	\-	\-	\-	\-	\-	\-	\-	\-	\-	\-	\-	✔	✔	\-	\-	\-	\-	✔
579	Push AGC	:ref:`CrDeviceProperty_PushAGC<dp-PushAGC>`	R/T	\-	\-	\-	\-	\-	\-	\-	\-	\-	\-	\-	\-	\-	\-	\-	\-	\-	\-	\-	\-	✔	✔	\-	\-	\-	\-	✔
580	Push Auto Iris	:ref:`CrDeviceProperty_PushAutoIris<dp-PushAutoIris>`	R/T	\-	\-	\-	\-	\-	\-	\-	\-	\-	\-	\-	\-	\-	\-	\-	\-	\-	\-	\-	\-	✔	✔	\-	\-	\-	\-	✔
581	Push Auto ND Filter	:ref:`CrDeviceProperty_PushAutoNDFilter<dp-PushAutoNDFilter>`	R/T	\-	\-	\-	\-	\-	\-	\-	\-	\-	\-	\-	\-	\-	\-	\-	\-	\-	\-	\-	\-	✔	✔	\-	\-	\-	\-	✔
582	ND Filter Preset Select	:ref:`CrDeviceProperty_NDFilterPresetSelect<dp-NDFilterPresetSelect>`	R/T	\-	\-	\-	\-	\-	\-	\-	\-	\-	\-	\-	\-	\-	\-	\-	\-	\-	\-	\-	\-	✔	✔	\-	\-	\-	\-	✔
583	ND Filter Preset 1 Value	:ref:`CrDeviceProperty_NDFilterPreset1Value<dp-NDFilterPreset1Value>`	R/T	\-	\-	\-	\-	\-	\-	\-	\-	\-	\-	\-	\-	\-	\-	\-	\-	\-	\-	\-	\-	✔	✔	\-	\-	\-	\-	✔
584	ND Filter Preset 2 Value	:ref:`CrDeviceProperty_NDFilterPreset2Value<dp-NDFilterPreset2Value>`	R/T	\-	\-	\-	\-	\-	\-	\-	\-	\-	\-	\-	\-	\-	\-	\-	\-	\-	\-	\-	\-	✔	✔	\-	\-	\-	\-	✔
585	ND Filter Preset 3 Value	:ref:`CrDeviceProperty_NDFilterPreset3Value<dp-NDFilterPreset3Value>`	R/T	\-	\-	\-	\-	\-	\-	\-	\-	\-	\-	\-	\-	\-	\-	\-	\-	\-	\-	\-	\-	✔	✔	\-	\-	\-	\-	✔
586	White Balance Switch	:ref:`CrDeviceProperty_WhiteBalanceSwitch<dp-WhiteBalanceSwitch>`	R/T	\-	\-	\-	\-	\-	\-	\-	\-	\-	\-	\-	\-	\-	\-	\-	\-	\-	\-	\-	\-	✔	✔	\-	\-	\-	\-	✔
587	White Balance Preset Color Temperature	:ref:`CrDeviceProperty_WhiteBalancePresetColorTemperature<dp-WhiteBalancePresetColorTemperature>`	R/T	\-	\-	\-	\-	\-	\-	\-	\-	\-	\-	\-	\-	\-	\-	\-	\-	\-	\-	\-	\-	✔	✔	\-	\-	\-	\-	✔
588	White Balance R Gain	:ref:`CrDeviceProperty_WhiteBalanceRGain<dp-WhiteBalanceRGain>`	R/T	\-	\-	\-	\-	\-	\-	\-	\-	\-	\-	\-	\-	\-	\-	\-	\-	\-	\-	\-	\-	✔	✔	\-	\-	\-	\-	✔
589	White Balance B Gain	:ref:`CrDeviceProperty_WhiteBalanceBGain<dp-WhiteBalanceBGain>`	R/T	\-	\-	\-	\-	\-	\-	\-	\-	\-	\-	\-	\-	\-	\-	\-	\-	\-	\-	\-	\-	✔	✔	\-	\-	\-	\-	✔
590	White Balance Offset Color Temp ATW	:ref:`CrDeviceProperty_WhiteBalanceOffsetColorTempATW<dp-WhiteBalanceOffsetColorTempATW>`	R/T	\-	\-	\-	\-	\-	\-	\-	\-	\-	\-	\-	\-	\-	\-	\-	\-	\-	\-	\-	\-	✔	✔	\-	\-	\-	\-	✔
591	White Balance Offset Tint ATW	:ref:`CrDeviceProperty_WhiteBalanceOffsetTintATW<dp-WhiteBalanceOffsetTintATW>`	R/T	\-	\-	\-	\-	\-	\-	\-	\-	\-	\-	\-	\-	\-	\-	\-	\-	\-	\-	\-	\-	✔	✔	\-	\-	\-	\-	✔
592	White Balance Offset Setting	:ref:`CrDeviceProperty_WhiteBalanceOffsetSetting<dp-WhiteBalanceOffsetSetting>`	R/T	\-	\-	\-	\-	\-	\-	\-	\-	\-	\-	\-	\-	\-	\-	\-	\-	\-	\-	\-	\-	✔	✔	\-	\-	\-	\-	✔
593	White Balance Offset Color Temp	:ref:`CrDeviceProperty_WhiteBalanceOffsetColorTemp<dp-WhiteBalanceOffsetColorTemp>`	R/T	\-	\-	\-	\-	\-	\-	\-	\-	\-	\-	\-	\-	\-	\-	\-	\-	\-	\-	\-	\-	\*1	\*1	\-	\-	\-	\-	\*1
594	Paint/Look Master Black	:ref:`CrDeviceProperty_PaintLookMasterBlack<dp-PaintLookMasterBlack>`	R/T	\-	\-	\-	\-	\-	\-	\-	\-	\-	\-	\-	\-	\-	\-	\-	\-	\-	\-	\-	\-	✔	✔	\-	\-	\-	\-	✔
595	Paint/Look R Black	:ref:`CrDeviceProperty_PaintLookRBlack<dp-PaintLookRBlack>`	R/T	\-	\-	\-	\-	\-	\-	\-	\-	\-	\-	\-	\-	\-	\-	\-	\-	\-	\-	\-	\-	✔	✔	\-	\-	\-	\-	✔
596	Paint/Look B Black	:ref:`CrDeviceProperty_PaintLookBBlack<dp-PaintLookBBlack>`	R/T	\-	\-	\-	\-	\-	\-	\-	\-	\-	\-	\-	\-	\-	\-	\-	\-	\-	\-	\-	\-	✔	✔	\-	\-	\-	\-	✔
597	Paint/Look Knee Setting	:ref:`CrDeviceProperty_PaintLookKneeSetting<dp-PaintLookKneeSetting>`	R/T	\-	\-	\-	\-	\-	\-	\-	\-	\-	\-	\-	\-	\-	\-	\-	\-	\-	\-	\-	\-	✔	✔	\-	\-	\-	\-	✔
598	Paint/Look Auto Knee	:ref:`CrDeviceProperty_PaintLookAutoKnee<dp-PaintLookAutoKnee>`	R/T	\-	\-	\-	\-	\-	\-	\-	\-	\-	\-	\-	\-	\-	\-	\-	\-	\-	\-	\-	\-	✔	✔	\-	\-	\-	\-	✔
599	Paint/Look Knee Point	:ref:`CrDeviceProperty_PaintLookKneePoint<dp-PaintLookKneePoint>`	R/T	\-	\-	\-	\-	\-	\-	\-	\-	\-	\-	\-	\-	\-	\-	\-	\-	\-	\-	\-	\-	✔	✔	\-	\-	\-	\-	✔
600	Paint/Look Knee Slope	:ref:`CrDeviceProperty_PaintLookKneeSlope<dp-PaintLookKneeSlope>`	R/T	\-	\-	\-	\-	\-	\-	\-	\-	\-	\-	\-	\-	\-	\-	\-	\-	\-	\-	\-	\-	✔	✔	\-	\-	\-	\-	✔
601	Paint/Look Detail Setting	:ref:`CrDeviceProperty_PaintLookDetailSetting<dp-PaintLookDetailSetting>`	R/T	\-	\-	\-	\-	\-	\-	\-	\-	\-	\-	\-	\-	\-	\-	\-	\-	\-	\-	\-	\-	✔	✔	\-	\-	\-	\-	✔
602	Paint/Look Detail Level	:ref:`CrDeviceProperty_PaintLookDetailLevel<dp-PaintLookDetailLevel>`	R/T	\-	\-	\-	\-	\-	\-	\-	\-	\-	\-	\-	\-	\-	\-	\-	\-	\-	\-	\-	\-	✔	✔	\-	\-	\-	\-	✔
603	UserBaseLook Output	:ref:`CrDeviceProperty_UserBaseLookOutput<dp-UserBaseLookOutput>`	R/T	\-	\-	\-	\-	\-	\-	\-	\-	\-	\-	\-	\-	\-	\-	\-	\*1	\-	\-	\-	\-	✔	✔	\-	\-	\-	\-	✔
604	Monitor LUT Setting 1	:ref:`CrDeviceProperty_MonitorLUTSetting1<dp-MonitorLUTSetting1>`	R/T	\-	\-	\-	\-	\-	\-	\-	\-	\-	\-	\-	\-	\-	\-	\-	✔	\-	\-	\-	\-	✔	✔	\-	\-	\-	\-	✔
605	Monitor LUT Setting 2	:ref:`CrDeviceProperty_MonitorLUTSetting2<dp-MonitorLUTSetting2>`	R/T	\-	\-	\-	\-	\-	\-	\-	\-	\-	\-	\-	\-	\-	\-	\-	✔	\-	\-	\-	\-	✔	✔	\-	\-	\-	\-	✔
606	Monitor LUT Setting 3	:ref:`CrDeviceProperty_MonitorLUTSetting3<dp-MonitorLUTSetting3>`	R/T	\-	\-	\-	\-	\-	\-	\-	\-	\-	\-	\-	\-	\-	\-	\-	✔	\-	\-	\-	\-	\-	\-	\-	\-	\-	\-	✔
607	S&Q Mode Setting	:ref:`CrDeviceProperty_SQModeSetting<dp-SQModeSetting>`	R/T	\-	\-	\-	\-	\-	\-	\-	\-	\-	\-	\-	\-	\-	\-	✔	\*1	\-	\-	\-	\-	✔	✔	\-	\-	\-	✔	✔
608	Movie Quality FullAuto Mode	:ref:`CrDeviceProperty_MovieQualityFullAutoMode<dp-MovieQualityFullAutoMode>`	R/T	\-	\-	\-	\-	\-	\-	\-	\-	\-	\-	\-	\-	\-	\-	\-	\-	\-	\-	\-	\-	\*1	\*1	\-	\-	\-	\-	\-
609	De-Squeeze Display Ratio	:ref:`CrDeviceProperty_DeSqueezeDisplayRatio<dp-DeSqueezeDisplayRatio>`	R/T	\-	\-	\-	\-	\-	\-	\-	\-	\-	\-	\-	\-	\-	\-	✔	✔	\-	\-	\-	\-	\-	\-	\-	\-	\-	\-	\-
610	Zoom Position Setting	:ref:`CrDeviceProperty_ZoomPositionSetting<dp-ZoomPositionSetting>`	R/T	✔	✔	✔	✔	\-	\-	\-	\-	✔	✔	✔	✔	\-	✔	\-	\-	✔	✔	✔	✔	\-	\-	\-	\-	\-	\-	✔
611	Zoom Position Current Value	:ref:`CrDeviceProperty_ZoomPositionCurrentValue<dp-ZoomPositionCurrentValue>`	R/T	✔	✔	✔	✔	\-	\-	\-	\-	✔	✔	✔	✔	\-	✔	\-	\-	✔	✔	✔	✔	\-	\-	\-	\-	\-	\-	\*1
612	Cancel Zoom Position	:ref:`CrCommandId_CancelZoomPosition<command-CancelZoomPosition>`	R/T	✔	✔	✔	✔	\-	\-	\-	\-	✔	✔	✔	✔	\-	✔	\-	\-	✔	✔	✔	✔	\-	\-	\-	\-	\-	\-	\-
613	File Settings Camera ID	:ref:`CrDeviceProperty_FileSettingsCameraId<dp-FileSettingsCameraId>`	R/T	\-	\-	\-	\-	\-	\-	\-	\-	\-	\-	\-	\-	\-	\-	\-	\-	✔	✔	✔	✔	\-	\-	\-	\-	\-	\-	\-
614	File Settings Reel Number	:ref:`CrDeviceProperty_FileSettingsReelNumber<dp-FileSettingsReelNumber>`	R/T	\-	\-	\-	\-	\-	\-	\-	\-	\-	\-	\-	\-	\-	\-	\-	\-	✔	✔	✔	✔	\-	\-	\-	\-	\-	\-	\-
615	File Settings Camera Position	:ref:`CrDeviceProperty_FileSettingsCameraPosition<dp-FileSettingsCameraPosition>`	R/T	\-	\-	\-	\-	\-	\-	\-	\-	\-	\-	\-	\-	\-	\-	\-	\-	✔	✔	✔	✔	\-	\-	\-	\-	\-	\-	\-
616	Image Stabilization Framing Stabilizer	:ref:`CrDeviceProperty_ImageStabilizationFramingStabilizer<dp-ImageStabilizationFramingStabilizer>`	R/T	\-	✔	\-	\-	\-	\-	\-	\-	✔	\-	\-	✔	\-	\-	\-	\-	✔	\-	\-	\-	\-	\-	✔	\-	\-	\-	\-
617	Exposure Step	:ref:`CrDeviceProperty_ExposureStep<dp-ExposureStep>`	R/T	\-	\-	\-	\-	\-	\*1	\-	\-	\-	\*1	\*1	\-	\-	\-	\-	\-	\*1	\*1	\*1	\*1	\*1	\*1	\*1	\-	\-	\-	\-
618	Enlarge Screen Setting	:ref:`CrDeviceProperty_EnlargeScreenSetting<dp-EnlargeScreenSetting>`	R/T	✔	✔	\-	✔	\-	\-	\-	\-	\-	\-	\-	\-	\-	\-	\-	\-	✔	\-	\-	\-	\-	\-	\-	✔	\-	\-	\-
619	Simul Rec Setting	:ref:`CrDeviceProperty_SimulRecSetting<dp-SimulRecSetting>`	R/T	\-	\-	\-	\-	\-	\-	\-	\-	\-	\-	\-	\-	\-	\-	\-	\-	\-	\-	\-	\-	✔	✔	\-	\-	\-	✔	✔
620	Simul Rec Setting (Movie Rec Button)	:ref:`CrDeviceProperty_SimulRecSettingMovieRecButton<dp-SimulRecSettingMovieRecButton>`	R/T	\-	\-	\-	\-	\-	\-	\-	\-	\-	\-	\-	\-	\-	\-	\-	\-	\-	\-	\-	\-	✔	✔	\-	\-	\-	\-	✔
621	OSD Image Mode	:ref:`CrDeviceProperty_OSDImageMode<dp-OSDImageMode>`	R/T	✔	✔	✔	✔	\-	✔	\-	\-	\-	\-	✔	\-	\-	✔	\-	\-	✔	✔	✔	✔	✔	✔	✔	\-	\-	\-	\-
622	Debug Mode	:ref:`CrDeviceProperty_DebugMode<dp-DebugMode>`	R/T	✔	\-	\-	\-	\-	\-	\-	\-	\-	\-	\-	\-	\-	\-	\-	\-	\-	\-	\-	\-	✔	✔	\-	\-	\-	\-	\-
623	Shutter Select Mode	:ref:`CrDeviceProperty_ShutterSelectMode<dp-ShutterSelectMode>`	R/T	\-	\-	\-	\-	\-	\-	\-	\-	\-	\-	\-	\-	\-	\-	\*1	\*1	\-	\-	\-	\-	\*1	\*1	\-	\-	\-	\*1	\*1
624	Monitoring Transport Protocol	:ref:`CrDeviceProperty_MonitoringTransportProtocol<dp-MonitoringTransportProtocol>`	R/T	\-	\-	\-	\-	\-	\-	\-	\-	\-	\-	\-	\-	\-	\-	✔	✔	\-	✔	✔	✔	✔	✔	\-	\-	\-	\-	\-
625	Monitoring Available Format	:ref:`CrDeviceProperty_MonitoringAvailableFormat<dp-MonitoringAvailableFormat>`	R/T	\-	\-	\-	\-	\-	\-	\-	\-	\-	\-	\-	\-	\-	\-	✔	✔	\*1	✔	✔	✔	✔	✔	\-	\-	\-	\-	\-
626	Monitoring Format Support Information	:ref:`CrDeviceProperty_MonitoringFormatSupportInformation<dp-MonitoringFormatSupportInformation>`	R/T	\-	\-	\-	\-	\-	\-	\-	\-	\-	\-	\-	\-	\-	\-	✔	✔	\*1	✔	✔	✔	✔	✔	\-	\-	\-	\-	\-
627	ContentsInfoList Enable Status (SLOT1)	:ref:`CrDeviceProperty_MediaSLOT1_ContentsInfoListEnableStatus<dp-MediaSLOT1_ContentsInfoListEnableStatus>`	T	✔	✔	✔	✔	\-	✔	\-	\-	✔	✔	✔	✔	\-	✔	\-	\-	✔	✔	✔	✔	\-	\-	✔	\-	\-	\-	\-
628	ContentsInfoList Enable Status (SLOT2)	:ref:`CrDeviceProperty_MediaSLOT2_ContentsInfoListEnableStatus<dp-MediaSLOT2_ContentsInfoListEnableStatus>`	T	\-	✔	✔	✔	\-	✔	\-	\-	\-	✔	✔	\-	\-	✔	\-	\-	✔	✔	✔	✔	\-	\-	\-	\-	\-	\-	\-
629	ContentsInfoList regenerate time (SLOT1)	:ref:`CrDeviceProperty_MediaSLOT1_ContentsInfoListRegenerateUpdateTime<dp-MediaSLOT1_ContentsInfoListRegenerateUpdateTime>`	T	✔	✔	✔	✔	\-	✔	\-	\-	✔	✔	✔	✔	\-	✔	\-	\-	✔	✔	✔	✔	\-	\-	✔	\-	\-	\-	\-
630	ContentsInfoList regenerate time (SLOT2)	:ref:`CrDeviceProperty_MediaSLOT2_ContentsInfoListRegenerateUpdateTime<dp-MediaSLOT2_ContentsInfoListRegenerateUpdateTime>`	T	\-	✔	✔	✔	\-	✔	\-	\-	\-	✔	✔	\-	\-	✔	\-	\-	✔	✔	✔	✔	\-	\-	\-	\-	\-	\-	\-
631	Media SLOT1 Contents Info List Update Time	:ref:`CrDeviceProperty_MediaSLOT1_ContentsInfoListUpdateTime<dp-MediaSLOT1_ContentsInfoListUpdateTime>`	T	✔	✔	✔	✔	\-	✔	\-	\-	✔	✔	✔	✔	\-	✔	\-	\-	✔	✔	✔	✔	\-	\-	✔	\-	\-	\-	\-
632	Media SLOT2 Contents Info List Update Time	:ref:`CrDeviceProperty_MediaSLOT2_ContentsInfoListUpdateTime<dp-MediaSLOT2_ContentsInfoListUpdateTime>`	T	\-	✔	✔	✔	\-	✔	\-	\-	\-	✔	✔	\-	\-	✔	\-	\-	✔	✔	✔	✔	\-	\-	\-	\-	\-	\-	\-
633	Post View Transfer Resource Status	:ref:`CrDeviceProperty_PostViewTransferResourceStatus<dp-PostViewTransferResourceStatus>`	T	✔	✔	✔	✔	\-	✔	\-	\-	✔	✔	✔	✔	\-	✔	\-	\-	✔	✔	✔	✔	\-	\-	✔	\-	\-	\-	\-
634	Camera System Error Info	:ref:`CrDeviceProperty_CameraSystemErrorInfo<dp-CameraSystemErrorInfo>`	R/T	\-	\-	\-	\-	\-	\-	\-	\-	\-	\-	\-	\-	\-	\-	\-	\-	\-	\-	\-	\-	✔	✔	\-	\-	\-	\-	✔
635	Face Eye Detection AF Status	:ref:`CrDeviceProperty_FaceEyeDetectionAFStatus<dp-FaceEyeDetectionAFStatus>`	R/T	\-	\-	\-	\-	\-	\-	\-	\-	\-	\-	\-	\-	\-	\-	\-	\-	\-	\-	\-	\-	\-	\-	\-	\-	\-	\-	\-
636	Upload Dataset Version	:ref:`CrDeviceProperty_UploadDatasetVersion<dp-UploadDatasetVersion>`	R/T	✔	✔	\-	\-	\-	✔	\-	\-	\-	\-	\-	\-	\-	\-	✔	✔	✔	✔	✔	✔	✔	✔	✔	✔	\-	\-	\-
637	Monitor LUT Setting Output Dest Assign	:ref:`CrDeviceProperty_MonitorLUTSettingOutputDestAssign<dp-MonitorLUTSettingOutputDestAssign>`	R/T	\-	\-	\-	\-	\-	\-	\-	\-	\-	\-	\-	\-	\-	\-	\-	✔	\-	\-	\-	\-	✔	✔	\-	\-	\-	\-	✔
638	Maximum Number Of Bytes	:ref:`CrDeviceProperty_MaximumNumberOfBytes<dp-MaximumNumberOfBytes>`	R/T	✔	✔	\-	\-	\-	✔	\-	\-	\-	\-	\-	\-	\-	\-	✔	✔	✔	✔	✔	✔	✔	✔	✔	✔	\-	✔	✔
639	Firmware Update Command Version	:ref:`CrDeviceProperty_FirmwareUpdateCommandVersion<dp-FirmwareUpdateCommandVersion>`	R/T	✔	\-	\-	\-	\-	\-	\-	\-	\-	\-	\-	\-	\-	\-	\-	\-	\-	\-	\-	\-	✔	✔	\-	\-	\-	\-	\-
640	Model Name	:ref:`CrDeviceProperty_ModelName<dp-ModelName>`	R/T	✔	✔	✔	✔	✔	✔	✔	✔	✔	✔	✔	✔	✔	✔	✔	✔	✔	✔	✔	✔	✔	✔	✔	✔	✔	✔	✔
641	Movie Rec Button Toggle 2	:ref:`CrCommandId_MovieRecButtonToggle2<command-MovieRecButtonToggle2>`	R/T	\-	\-	\-	\-	\-	\-	\-	\-	\-	\-	\-	\-	\-	\-	\-	\-	\-	\-	\-	\-	✔	✔	\-	\-	\-	✔	✔
642	Auto Recognition Target Candidates	:ref:`CrDeviceProperty_AutoRecognitionTargetCandidates<dp-AutoRecognitionTargetCandidates>`	R/T	\-	✔	\-	\-	\-	\-	\-	\-	\-	\-	\-	\-	\-	\-	\-	\-	✔	\-	\-	\-	\-	\-	\-	\-	\-	\-	\-
643	Auto Recognition Target Setting	:ref:`CrDeviceProperty_AutoRecognitionTargetSetting<dp-AutoRecognitionTargetSetting>`	R/T	\-	✔	\-	\-	\-	\-	\-	\-	\-	\-	\-	\-	\-	\-	\-	\-	✔	\-	\-	\-	\-	\-	\-	\-	\-	\-	\-
644	RemoteKey Thumbnail Button	:ref:`CrDeviceProperty_RemoteKeyThumbnailButton<dp-RemoteKeyThumbnailButton>`	R	\-	\-	\-	\-	\-	\-	\-	\-	\-	\-	\-	\-	\-	\-	\-	\-	\-	\-	\-	\-	✔	✔	\-	\-	\-	\-	✔
645	RemoteKey SLOT Select Button	:ref:`CrDeviceProperty_RemoteKeySLOTSelectButton<dp-RemoteKeySLOTSelectButton>`	R	\-	\-	\-	\-	\-	\-	\-	\-	\-	\-	\-	\-	\-	\-	\-	\-	\-	\-	\-	\-	✔	✔	\-	\-	\-	\-	✔
646	Pan Position Status	:ref:`CrDeviceProperty_PanPositionStatus<dp-PanPositionStatus>`	R	\-	\-	\-	\-	\-	\-	\-	\-	\-	\-	\-	\-	\-	\-	\-	\-	\-	\-	\-	\-	\-	\-	\-	\-	\-	✔	✔
647	Tilt Position Status	:ref:`CrDeviceProperty_TiltPositionStatus<dp-TiltPositionStatus>`	R	\-	\-	\-	\-	\-	\-	\-	\-	\-	\-	\-	\-	\-	\-	\-	\-	\-	\-	\-	\-	\-	\-	\-	\-	\-	✔	✔
648	Pan Position Current Value	:ref:`CrDeviceProperty_PanPositionCurrentValue<dp-PanPositionCurrentValue>`	R	\-	\-	\-	\-	\-	\-	\-	\-	\-	\-	\-	\-	\-	\-	\-	\-	\-	\-	\-	\-	\-	\-	\-	\-	\-	✔	✔
649	Tilt Position Current Value	:ref:`CrDeviceProperty_TiltPositionCurrentValue<dp-TiltPositionCurrentValue>`	R	\-	\-	\-	\-	\-	\-	\-	\-	\-	\-	\-	\-	\-	\-	\-	\-	\-	\-	\-	\-	\-	\-	\-	\-	\-	✔	✔
650	Pan-Tilt Acceleration Ramp Curve	:ref:`CrDeviceProperty_PanTiltAccelerationRampCurve<dp-PanTiltAccelerationRampCurve>`	R	\-	\-	\-	\-	\-	\-	\-	\-	\-	\-	\-	\-	\-	\-	\-	\-	\-	\-	\-	\-	\-	\-	\-	\-	\-	✔	✔
651	Pan Limit Mode	:ref:`CrDeviceProperty_PanLimitMode<dp-PanLimitMode>`	R	\-	\-	\-	\-	\-	\-	\-	\-	\-	\-	\-	\-	\-	\-	\-	\-	\-	\-	\-	\-	\-	\-	\-	\-	\-	✔	✔
652	Pan Limit Range Minimum	:ref:`CrDeviceProperty_PanLimitRangeMinimum<dp-PanLimitRangeMinimum>`	R	\-	\-	\-	\-	\-	\-	\-	\-	\-	\-	\-	\-	\-	\-	\-	\-	\-	\-	\-	\-	\-	\-	\-	\-	\-	✔	✔
653	Pan Limit Range Maximum	:ref:`CrDeviceProperty_PanLimitRangeMaximum<dp-PanLimitRangeMaximum>`	R	\-	\-	\-	\-	\-	\-	\-	\-	\-	\-	\-	\-	\-	\-	\-	\-	\-	\-	\-	\-	\-	\-	\-	\-	\-	✔	✔
654	Tilt Limit Mode	:ref:`CrDeviceProperty_TiltLimitMode<dp-TiltLimitMode>`	R	\-	\-	\-	\-	\-	\-	\-	\-	\-	\-	\-	\-	\-	\-	\-	\-	\-	\-	\-	\-	\-	\-	\-	\-	\-	✔	✔
655	Tilt Limit Range Minimum	:ref:`CrDeviceProperty_TiltLimitRangeMinimum<dp-TiltLimitRangeMinimum>`	R	\-	\-	\-	\-	\-	\-	\-	\-	\-	\-	\-	\-	\-	\-	\-	\-	\-	\-	\-	\-	\-	\-	\-	\-	\-	✔	✔
656	Tilt Limit Range Maximum	:ref:`CrDeviceProperty_TiltLimitRangeMaximum<dp-TiltLimitRangeMaximum>`	R	\-	\-	\-	\-	\-	\-	\-	\-	\-	\-	\-	\-	\-	\-	\-	\-	\-	\-	\-	\-	\-	\-	\-	\-	\-	✔	✔
657	Preset PTZF Number of Slots	:ref:`CrDeviceProperty_PresetPTZFSlotNumber<dp-PresetPTZFSlotNumber>`	R	\-	\-	\-	\-	\-	\-	\-	\-	\-	\-	\-	\-	\-	\-	\-	\-	\-	\-	\-	\-	\-	\-	\-	\-	\-	✔	✔
658	SetPresetPTZF Binary Version	:ref:`CrDeviceProperty_SetPresetPTZFBinaryVersion<dp-SetPresetPTZFBinaryVersion>`	R	\-	\-	\-	\-	\-	\-	\-	\-	\-	\-	\-	\-	\-	\-	\-	\-	\-	\-	\-	\-	\-	\-	\-	\-	\-	✔	✔
659	Paint Look User Matrix Setting	:ref:`CrDeviceProperty_PaintLookUserMatrixSetting<dp-PaintLookUserMatrixSetting>`	R	\-	\-	\-	\-	\-	\-	\-	\-	\-	\-	\-	\-	\-	\-	\-	\-	\-	\-	\-	\-	\-	\-	\-	\-	\-	\-	✔
660	Paint Look User Matrix Level	:ref:`CrDeviceProperty_PaintLookUserMatrixLevel<dp-PaintLookUserMatrixLevel>`	R	\-	\-	\-	\-	\-	\-	\-	\-	\-	\-	\-	\-	\-	\-	\-	\-	\-	\-	\-	\-	\-	\-	\-	\-	\-	\-	✔
661	Paint Look User Matrix Phase	:ref:`CrDeviceProperty_PaintLookUserMatrixPhase<dp-PaintLookUserMatrixPhase>`	R	\-	\-	\-	\-	\-	\-	\-	\-	\-	\-	\-	\-	\-	\-	\-	\-	\-	\-	\-	\-	\-	\-	\-	\-	\-	\-	✔
662	Paint Look User Matrix RG	:ref:`CrDeviceProperty_PaintLookUserMatrixRG<dp-PaintLookUserMatrixRG>`	R	\-	\-	\-	\-	\-	\-	\-	\-	\-	\-	\-	\-	\-	\-	\-	\-	\-	\-	\-	\-	\-	\-	\-	\-	\-	\-	✔
663	Paint Look User Matrix RB	:ref:`CrDeviceProperty_PaintLookUserMatrixRB<dp-PaintLookUserMatrixRB>`	R	\-	\-	\-	\-	\-	\-	\-	\-	\-	\-	\-	\-	\-	\-	\-	\-	\-	\-	\-	\-	\-	\-	\-	\-	\-	\-	✔
664	Paint Look User Matrix GR	:ref:`CrDeviceProperty_PaintLookUserMatrixGR<dp-PaintLookUserMatrixGR>`	R	\-	\-	\-	\-	\-	\-	\-	\-	\-	\-	\-	\-	\-	\-	\-	\-	\-	\-	\-	\-	\-	\-	\-	\-	\-	\-	✔
665	Paint Look User Matrix GB	:ref:`CrDeviceProperty_PaintLookUserMatrixGB<dp-PaintLookUserMatrixGB>`	R	\-	\-	\-	\-	\-	\-	\-	\-	\-	\-	\-	\-	\-	\-	\-	\-	\-	\-	\-	\-	\-	\-	\-	\-	\-	\-	✔
666	Paint Look User Matrix BR	:ref:`CrDeviceProperty_PaintLookUserMatrixBR<dp-PaintLookUserMatrixBR>`	R	\-	\-	\-	\-	\-	\-	\-	\-	\-	\-	\-	\-	\-	\-	\-	\-	\-	\-	\-	\-	\-	\-	\-	\-	\-	\-	✔
667	Paint Look User Matrix BG	:ref:`CrDeviceProperty_PaintLookUserMatrixBG<dp-PaintLookUserMatrixBG>`	R	\-	\-	\-	\-	\-	\-	\-	\-	\-	\-	\-	\-	\-	\-	\-	\-	\-	\-	\-	\-	\-	\-	\-	\-	\-	\-	✔
668	Paint Look Multi Matrix Area Indication	:ref:`CrDeviceProperty_PaintLookMultiMatrixAreaIndication<dp-PaintLookMultiMatrixAreaIndication>`	R	\-	\-	\-	\-	\-	\-	\-	\-	\-	\-	\-	\-	\-	\-	\-	\-	\-	\-	\-	\-	\-	\-	\-	\-	\-	\-	✔
669	Paint Look Multi Matrix Setting	:ref:`CrDeviceProperty_PaintLookMultiMatrixSetting<dp-PaintLookMultiMatrixSetting>`	R	\-	\-	\-	\-	\-	\-	\-	\-	\-	\-	\-	\-	\-	\-	\-	\-	\-	\-	\-	\-	\-	\-	\-	\-	\-	\-	✔
670	Paint Look Multi Matrix Axis	:ref:`CrDeviceProperty_PaintLookMultiMatrixAxis<dp-PaintLookMultiMatrixAxis>`	R	\-	\-	\-	\-	\-	\-	\-	\-	\-	\-	\-	\-	\-	\-	\-	\-	\-	\-	\-	\-	\-	\-	\-	\-	\-	\-	✔
671	Paint Look Multi Matrix Hue	:ref:`CrDeviceProperty_PaintLookMultiMatrixHue<dp-PaintLookMultiMatrixHue>`	R	\-	\-	\-	\-	\-	\-	\-	\-	\-	\-	\-	\-	\-	\-	\-	\-	\-	\-	\-	\-	\-	\-	\-	\-	\-	\-	✔
672	Paint Look Multi Matrix Saturation	:ref:`CrDeviceProperty_PaintLookMultiMatrixSaturation<dp-PaintLookMultiMatrixSaturation>`	R	\-	\-	\-	\-	\-	\-	\-	\-	\-	\-	\-	\-	\-	\-	\-	\-	\-	\-	\-	\-	\-	\-	\-	\-	\-	\-	✔
673	Iris Close Setting	:ref:`CrDeviceProperty_IrisCloseSetting<dp-IrisCloseSetting>`	R	\-	\-	\-	\-	\-	\-	\-	\-	\-	\-	\-	\-	\-	\-	\*1	\*1	\-	\-	\-	\-	\*1	\*1	\-	\-	\-	\*1	\*1
674	Language Setting	:ref:`CrDeviceProperty_LanguageSetting<dp-LanguageSetting>`	R	\-	\-	\-	\-	\-	\-	\-	\-	\-	\-	\-	\-	\-	\-	\-	\-	\-	\-	\-	\-	\-	\-	\-	\-	\-	\-	✔
675	Camera Power Status	:ref:`CrDeviceProperty_CameraPowerStatus<dp-CameraPowerStatus>`	R	\-	\-	\-	\-	\-	\-	\-	\-	\-	\-	\-	\-	\-	\-	\-	\-	\-	\-	\-	\-	\-	\-	\-	\-	\-	✔	✔
676	LiveView Protocol	:ref:`CrDeviceProperty_LiveViewProtocol<dp-LiveViewProtocol>`	R/T	\-	\-	\-	\-	\-	\-	\-	\-	\-	\-	\-	\-	\-	\-	\-	\-	\-	\-	\-	\-	\-	\-	\-	\-	\-	✔	✔
677	Preset PTZF Recall	:ref:`CrDeviceProperty_PresetPTZFSlotNumber<dp-PresetPTZFSlotNumber>`	R	\-	\-	\-	\-	\-	\-	\-	\-	\-	\-	\-	\-	\-	\-	\-	\-	\-	\-	\-	\-	\-	\-	\-	\-	\-	✔	✔
678	Tally Lamp Control Red	:ref:`CrDeviceProperty_TallyLampControlRed<dp-TallyLampControlRed>`	R	\-	\-	\-	\-	\-	\-	\-	\-	\-	\-	\-	\-	\-	\-	\-	\-	\-	\-	\-	\-	\-	\-	\-	\-	\-	✔	✔
679	Tally Lamp Control Green	:ref:`CrDeviceProperty_TallyLampControlGreen<dp-TallyLampControlGreen>`	R	\-	\-	\-	\-	\-	\-	\-	\-	\-	\-	\-	\-	\-	\-	\-	\-	\-	\-	\-	\-	\-	\-	\-	\-	\-	✔	✔
680	Tally Lamp Control Yellow	:ref:`CrDeviceProperty_TallyLampControlYellow<dp-TallyLampControlYellow>`	R	\-	\-	\-	\-	\-	\-	\-	\-	\-	\-	\-	\-	\-	\-	\-	\-	\-	\-	\-	\-	\-	\-	\-	\-	\-	\-	✔
681	Zoom Operation with Int16	:ref:`CrDeviceProperty_ZoomOperationWithInt16<dp-ZoomOperationWithInt16>`	R	\-	\-	\-	\-	\-	\-	\-	\-	\-	\-	\-	\-	\-	\-	\-	\-	\-	\-	\-	\-	\-	\-	\-	\-	\-	✔	✔
682	Focus Operation with Int16	:ref:`CrDeviceProperty_FocusOperationWithInt16<dp-FocusOperationWithInt16>`	R	\-	\-	\-	\-	\-	\-	\-	\-	\-	\-	\-	\-	\-	\-	\-	\-	\-	\-	\-	\-	\-	\-	\-	\-	\-	✔	✔
683	Camera Standby	:ref:`CrCommandId_CameraStandBy<command-CameraStandBy>`	R	\-	\-	\-	\-	\-	\-	\-	\-	\-	\-	\-	\-	\-	\-	\-	\-	\-	\-	\-	\-	\-	\-	\-	\-	\-	✔	✔
684	Power On	:ref:`CrCommandId_PowerOn<command-PowerOn>`	R	\-	\-	\-	\-	\-	\-	\-	\-	\-	\-	\-	\-	\-	\-	\-	\-	\-	\-	\-	\-	\-	\-	\-	\-	\-	✔	✔
685	Target Streaming Destination Select	:ref:`CrDeviceProperty_TargetStreamingDestinationSelect<dp-TargetStreamingDestinationSelect>`	R	\-	\-	\-	\-	\-	\-	\-	\-	\-	\-	\-	\-	\-	\-	\-	\-	\-	\-	\-	\-	✔	✔	\-	\-	\-	\-	\-
686	Stream Status	:ref:`CrDeviceProperty_StreamStatus<dp-StreamStatus>`	R	\-	\-	\-	\-	\-	\-	\-	\-	\-	\-	\-	\-	\-	\-	\-	\-	\-	\-	\-	\-	✔	✔	\-	\-	\-	\-	\-
687	Stream Button	:ref:`CrCommandId_StreamButton<command-StreamButton>`	R	\-	\-	\-	\-	\-	\-	\-	\-	\-	\-	\-	\-	\-	\-	\-	\-	\-	\-	\-	\-	✔	✔	\-	\-	\-	\-	\-
688	RemoteKey Cancel Back Button	:ref:`CrCommandId_RemoteKeyCancelBackButton<command-RemoteKeyCancelBackButton>`	R	\-	\-	\-	\-	\-	\-	\-	\-	\-	\-	\-	\-	\-	\-	\-	\-	\-	\-	\-	\-	\-	\-	\-	\-	\-	✔	✔
689	RemoteKey Display Button	:ref:`CrCommandId_RemoteKeyDisplayButton<command-RemoteKeyDisplayButton>`	R	\-	\-	\-	\-	\-	\-	\-	\-	\-	\-	\-	\-	\-	\-	\-	\-	\-	\-	\-	\-	\-	\-	\-	\-	\-	✔	✔
690	RemoteKey SET	:ref:`CrCommandId_RemoteKeySet<command-RemoteKeySet>`	R	\-	\-	\-	\-	\-	\-	\-	\-	\-	\-	\-	\-	\-	\-	\-	\-	\-	\-	\-	\-	✔	✔	\-	\-	\-	✔	✔
691	RemoteKey RIGHT UP	:ref:`CrCommandId_RemoteKeyRightUp<command-RemoteKeyRightUp>`	R	\-	\-	\-	\-	\-	\-	\-	\-	\-	\-	\-	\-	\-	\-	\-	\-	\-	\-	\-	\-	\-	\-	\-	\-	\-	✔	✔
692	RemoteKey RIGHT DOWN	:ref:`CrCommandId_RemoteKeyRightDown<command-RemoteKeyRightDown>`	R	\-	\-	\-	\-	\-	\-	\-	\-	\-	\-	\-	\-	\-	\-	\-	\-	\-	\-	\-	\-	\-	\-	\-	\-	\-	✔	✔
693	RemoteKey LEFT UP	:ref:`CrCommandId_RemoteKeyLeftUp<command-RemoteKeyLeftUp>`	R	\-	\-	\-	\-	\-	\-	\-	\-	\-	\-	\-	\-	\-	\-	\-	\-	\-	\-	\-	\-	\-	\-	\-	\-	\-	✔	✔
694	RemoteKey LEFT DOWN	:ref:`CrCommandId_RemoteKeyLeftDown<command-RemoteKeyLeftDown>`	R	\-	\-	\-	\-	\-	\-	\-	\-	\-	\-	\-	\-	\-	\-	\-	\-	\-	\-	\-	\-	\-	\-	\-	\-	\-	✔	✔
695	RemoteKey Menu Button	:ref:`CrCommandId_RemoteKeyMenuButton<command-RemoteKeyMenuButton>`	R	\-	\-	\-	\-	\-	\-	\-	\-	\-	\-	\-	\-	\-	\-	\-	\-	\-	\-	\-	\-	✔	✔	\-	\-	\-	✔	✔
696	RemoteKey UP	:ref:`CrCommandId_RemoteKeyUp<command-RemoteKeyUp>`	R	\-	\-	\-	\-	\-	\-	\-	\-	\-	\-	\-	\-	\-	\-	\-	\-	\-	\-	\-	\-	✔	✔	\-	\-	\-	✔	✔
697	RemoteKey DOWN	:ref:`CrCommandId_RemoteKeyDown<command-RemoteKeyDown>`	R	\-	\-	\-	\-	\-	\-	\-	\-	\-	\-	\-	\-	\-	\-	\-	\-	\-	\-	\-	\-	✔	✔	\-	\-	\-	✔	✔
698	RemoteKey LEFT	:ref:`CrCommandId_RemoteKeyLeft<command-RemoteKeyLeft>`	R	\-	\-	\-	\-	\-	\-	\-	\-	\-	\-	\-	\-	\-	\-	\-	\-	\-	\-	\-	\-	✔	✔	\-	\-	\-	✔	✔
699	RemoteKey RIGHT	:ref:`CrCommandId_RemoteKeyRight<command-RemoteKeyRight>`	R	\-	\-	\-	\-	\-	\-	\-	\-	\-	\-	\-	\-	\-	\-	\-	\-	\-	\-	\-	\-	✔	✔	\-	\-	\-	✔	✔
700	Reset Multi Matrix	:ref:`CrCommandId_ResetMultiMatrix<command-ResetMultiMatrix>`	R	\-	\-	\-	\-	\-	\-	\-	\-	\-	\-	\-	\-	\-	\-	\-	\-	\-	\-	\-	\-	\-	\-	\-	\-	\-	✔	✔
701	IR Remote Setting	:ref:`CrDeviceProperty_IRRemoteSetting<dp-IRRemoteSetting>`	R	\-	\-	\-	\-	\-	\-	\-	\-	\-	\-	\-	\-	\-	\-	\-	\-	\-	\-	\-	\-	\-	\-	\-	\-	\-	✔	✔
702	IP Setup Protocol Setting	:ref:`CrDeviceProperty_IPSetupProtocolSetting<dp-IPSetupProtocolSetting>`	R	\-	\-	\-	\-	\-	\-	\-	\-	\-	\-	\-	\-	\-	\-	\-	\-	\-	\-	\-	\-	\-	\-	\-	\-	\-	✔	✔
703	Recordable Power Sources	:ref:`CrDeviceProperty_RecordablePowerSources<dp-RecordablePowerSources>`	R	\-	\-	\-	\-	\-	\-	\-	\-	\-	\-	\-	\-	\-	\-	\-	\-	\-	\-	\-	\-	\-	\-	\-	\-	\-	✔	\*1
704	Audio Input CH1 Level Control	:ref:`CrDeviceProperty_AudioInputCH1LevelControl<dp-AudioInputCH1LevelControl>`	R	\-	\-	\-	\-	\-	\-	\-	\-	\-	\-	\-	\-	\-	\-	\-	\-	\-	\-	\-	\-	\-	\-	\-	\-	\-	\-	✔
705	Audio Input CH2 Level Control	:ref:`CrDeviceProperty_AudioInputCH2LevelControl<dp-AudioInputCH2LevelControl>`	R	\-	\-	\-	\-	\-	\-	\-	\-	\-	\-	\-	\-	\-	\-	\-	\-	\-	\-	\-	\-	\-	\-	\-	\-	\-	\-	✔
706	Audio Input CH3 Level Control	:ref:`CrDeviceProperty_AudioInputCH3LevelControl<dp-AudioInputCH3LevelControl>`	R	\-	\-	\-	\-	\-	\-	\-	\-	\-	\-	\-	\-	\-	\-	\-	\-	\-	\-	\-	\-	\-	\-	\-	\-	\-	\-	✔
707	Audio Input CH4 Level Control	:ref:`CrDeviceProperty_AudioInputCH4LevelControl<dp-AudioInputCH4LevelControl>`	R	\-	\-	\-	\-	\-	\-	\-	\-	\-	\-	\-	\-	\-	\-	\-	\-	\-	\-	\-	\-	\-	\-	\-	\-	\-	\-	✔
708	Audio Input CH1 Level	:ref:`CrDeviceProperty_AudioInputCH1Level<dp-AudioInputCH1Level>`	R	\-	\-	\-	\-	\-	\-	\-	\-	\-	\-	\-	\-	\-	\-	\-	\-	\-	\-	\-	\-	\-	\-	\-	\-	\-	\-	✔
709	Audio Input CH2 Level	:ref:`CrDeviceProperty_AudioInputCH2Level<dp-AudioInputCH2Level>`	R	\-	\-	\-	\-	\-	\-	\-	\-	\-	\-	\-	\-	\-	\-	\-	\-	\-	\-	\-	\-	\-	\-	\-	\-	\-	\-	✔
710	Audio Input CH3 Level	:ref:`CrDeviceProperty_AudioInputCH3Level<dp-AudioInputCH3Level>`	R	\-	\-	\-	\-	\-	\-	\-	\-	\-	\-	\-	\-	\-	\-	\-	\-	\-	\-	\-	\-	\-	\-	\-	\-	\-	\-	✔
711	Audio Input CH4 Level	:ref:`CrDeviceProperty_AudioInputCH4Level<dp-AudioInputCH4Level>`	R	\-	\-	\-	\-	\-	\-	\-	\-	\-	\-	\-	\-	\-	\-	\-	\-	\-	\-	\-	\-	\-	\-	\-	\-	\-	\-	✔
712	Audio Input CH1 Input Select	:ref:`CrDeviceProperty_AudioInputCH1InputSelect<dp-AudioInputCH1InputSelect>`	R	\-	\-	\-	\-	\-	\-	\-	\-	\-	\-	\-	\-	\-	\-	\-	\-	\-	\-	\-	\-	\-	\-	\-	\-	\-	\-	✔
713	Audio Input CH2 Input Select	:ref:`CrDeviceProperty_AudioInputCH2InputSelect<dp-AudioInputCH2InputSelect>`	R	\-	\-	\-	\-	\-	\-	\-	\-	\-	\-	\-	\-	\-	\-	\-	\-	\-	\-	\-	\-	\-	\-	\-	\-	\-	\-	✔
714	Audio Input CH3 Input Select	:ref:`CrDeviceProperty_AudioInputCH3InputSelect<dp-AudioInputCH3InputSelect>`	R	\-	\-	\-	\-	\-	\-	\-	\-	\-	\-	\-	\-	\-	\-	\-	\-	\-	\-	\-	\-	\-	\-	\-	\-	\-	\-	✔
715	Audio Input CH4 Input Select	:ref:`CrDeviceProperty_AudioInputCH4InputSelect<dp-AudioInputCH4InputSelect>`	R	\-	\-	\-	\-	\-	\-	\-	\-	\-	\-	\-	\-	\-	\-	\-	\-	\-	\-	\-	\-	\-	\-	\-	\-	\-	\-	✔
716	Audio Input CH1 Wind Filter	:ref:`CrDeviceProperty_AudioInputCH1WindFilter<dp-AudioInputCH1WindFilter>`	R	\-	\-	\-	\-	\-	\-	\-	\-	\-	\-	\-	\-	\-	\-	\-	\-	\-	\-	\-	\-	\-	\-	\-	\-	\-	\-	✔
717	Audio Input CH2 Wind Filter	:ref:`CrDeviceProperty_AudioInputCH2WindFilter<dp-AudioInputCH2WindFilter>`	R	\-	\-	\-	\-	\-	\-	\-	\-	\-	\-	\-	\-	\-	\-	\-	\-	\-	\-	\-	\-	\-	\-	\-	\-	\-	\-	✔
718	Audio Input CH3 Wind Filter	:ref:`CrDeviceProperty_AudioInputCH3WindFilter<dp-AudioInputCH3WindFilter>`	R	\-	\-	\-	\-	\-	\-	\-	\-	\-	\-	\-	\-	\-	\-	\-	\-	\-	\-	\-	\-	\-	\-	\-	\-	\-	\-	✔
719	Audio Input CH4 Wind Filter	:ref:`CrDeviceProperty_AudioInputCH4WindFilter<dp-AudioInputCH4WindFilter>`	R	\-	\-	\-	\-	\-	\-	\-	\-	\-	\-	\-	\-	\-	\-	\-	\-	\-	\-	\-	\-	\-	\-	\-	\-	\-	\-	✔
720	StreamSettingList Operation Enable Status	:ref:`CrDeviceProperty_StreamSettingListOperationStatus<dp-StreamSettingListOperationStatus>`	R	\-	\-	\-	\-	\-	\-	\-	\-	\-	\-	\-	\-	\-	\-	\-	\-	\-	\-	\-	\-	✔	✔	\-	\-	\-	\-	\-
721	DeleteContent Operation Enable Status(SLOT1)	:ref:`CrDeviceProperty_DeleteContentOperationEnableStatusSLOT1<dp-DeleteContentOperationEnableStatusSLOT1>`	R/T	\-	\-	\-	\-	\-	\-	\-	\-	✔	✔	✔	✔	\-	✔	\-	\-	\-	\-	\-	\-	\-	\-	\-	\-	\-	\-	\-
722	DeleteContent Operation Enable Status(SLOT2)	:ref:`CrDeviceProperty_DeleteContentOperationEnableStatusSLOT2<dp-DeleteContentOperationEnableStatusSLOT2>`	R/T	\-	\-	\-	\-	\-	\-	\-	\-	\-	✔	✔	\-	\-	\-	\-	\-	\-	\-	\-	\-	\-	\-	\-	\-	\-	\-	\-
723	Call Setting	:ref:`CrDeviceProperty_CallSetting<dp-CallSetting>`	R	\-	\-	\-	\-	\-	\-	\-	\-	\-	\-	\-	\-	\-	\-	✔	\-	\-	\-	\-	\-	\-	\-	\-	\-	\-	\-	\-
724	Monitoring Output Format	:ref:`CrDeviceProperty_MonitoringOutputFormat<dp-MonitoringOutputFormat>`	R	\-	\-	\-	\-	\-	\-	\-	\-	\-	\-	\-	\-	\-	\-	\-	\-	\-	\-	\-	\-	\-	\-	\-	\-	\-	\-	✔
725	Monitoring OutputDisplay Setting1	:ref:`CrDeviceProperty_MonitoringOutputDisplaySetting1<dp-MonitoringOutputDisplaySetting1>`	R	\-	\-	\-	\-	\-	\-	\-	\-	\-	\-	\-	\-	\-	\-	\-	\-	\-	\-	\-	\-	\-	\-	\-	\-	\-	\-	✔
726	Monitoring OutputDisplay Setting2	:ref:`CrDeviceProperty_MonitoringOutputDisplaySetting2<dp-MonitoringOutputDisplaySetting2>`	R	\-	\-	\-	\-	\-	\-	\-	\-	\-	\-	\-	\-	\-	\-	\-	\-	\-	\-	\-	\-	\-	\-	\-	\-	\-	\-	✔
727	ND Filter Position Setting	:ref:`CrDeviceProperty_NDFilterPositionSetting<dp-NDFilterPositionSetting>`	R	\-	\-	\-	\-	\-	\-	\-	\-	\-	\-	\-	\-	\-	\-	✔	\-	\-	\-	\-	\-	✔	✔	\-	\-	\-	\-	\-
728	Manual Input for ND Filter Value	:ref:`CrDeviceProperty_ManualInputForNDFilterValue<dp-ManualInputForNDFilterValue>`	R/T	\-	\-	\-	\-	\-	\-	\-	\-	\-	\-	\-	\-	\-	\-	\-	\-	✔	\-	\-	\-	\-	\-	\-	\-	\-	\-	\-
729	Different Set for S&Q/Mv	:ref:`CrDeviceProperty_DifferentSetForSQMovie<dp-DifferentSetForSQMovie>`	R/T	\-	\-	\-	\-	\-	\-	\-	\-	\-	\-	\-	\-	\-	\-	\-	\-	\*1	\-	\-	\-	\-	\-	\-	\-	\-	\-	\-
730	Focus Speed Direct Sync	:ref:`CrDeviceProperty_FocusSpeedDirectSync<dp-FocusSpeedDirectSync>`	R	\-	\-	\-	\-	\-	\-	\-	\-	\-	\-	\-	\-	\-	\-	\-	\-	\-	\-	\-	\-	\-	\-	\-	\-	\-	\-	✔
731	Audio Input1 Type Select	:ref:`CrDeviceProperty_AudioInput1TypeSelect<dp-AudioInput1TypeSelect>`	R	\-	\-	\-	\-	\-	\-	\-	\-	\-	\-	\-	\-	\-	\-	\-	\-	\-	\-	\-	\-	\-	\-	\-	\-	\-	\-	✔
732	Audio Input2 Type Select	:ref:`CrDeviceProperty_AudioInput2TypeSelect<dp-AudioInput2TypeSelect>`	R	\-	\-	\-	\-	\-	\-	\-	\-	\-	\-	\-	\-	\-	\-	\-	\-	\-	\-	\-	\-	\-	\-	\-	\-	\-	\-	✔
733	SceneFile Command Version	:ref:`CrDeviceProperty_SceneFileCommandVersion<dp-SceneFileCommandVersion>`	R	\-	\-	\-	\-	\-	\-	\-	\-	\-	\-	\-	\-	\-	\-	\-	\-	\-	\-	\-	\-	✔	✔	\-	\-	\-	\-	\-
734	SceneFile Upload Operation Enable Status	:ref:`CrDeviceProperty_SceneFileUploadOperationEnableStatus<dp-SceneFileUploadOperationEnableStatus>`	R	\-	\-	\-	\-	\-	\-	\-	\-	\-	\-	\-	\-	\-	\-	\-	\-	\-	\-	\-	\-	✔	✔	\-	\-	\-	\-	✔
735	SceneFile Download Operation Enable Status	:ref:`CrDeviceProperty_SceneFileDownloadOperationEnableStatus<dp-SceneFileDownloadOperationEnableStatus>`	R	\-	\-	\-	\-	\-	\-	\-	\-	\-	\-	\-	\-	\-	\-	\-	\-	\-	\-	\-	\-	✔	✔	\-	\-	\-	\-	✔
736	SceneFile Indexes Available For Download	:ref:`CrDeviceProperty_SceneFileIndexesAvailableForDownload<dp-SceneFileIndexesAvailableForDownload>`	R	\-	\-	\-	\-	\-	\-	\-	\-	\-	\-	\-	\-	\-	\-	\-	\-	\-	\-	\-	\-	✔	✔	\-	\-	\-	\-	✔
737	Log Shooting Mode <Still>	:ref:`CrDeviceProperty_LogShootingMode<dp-LogShootingMode>`	R/T	\-	\-	\-	\-	\-	\-	\-	\-	\-	\-	\-	\-	\-	\-	\-	\-	✔	✔	\-	\-	\-	\-	\-	\-	\-	\-	\-
738	Log Shooting Mode Color Gamut <Still>	:ref:`CrDeviceProperty_LogShootingModeColorGamut<dp-LogShootingModeColorGamut>`	R/T	\-	\-	\-	\-	\-	\-	\-	\-	\-	\-	\-	\-	\-	\-	\-	\-	✔	✔	\-	\-	\-	\-	\-	\-	\-	\-	\-
739	Eframing Type	:ref:`CrDeviceProperty_EframingType<dp-EframingType>`	R	\-	\-	\-	\-	\-	\-	\-	\-	\-	\-	\-	\-	\-	\-	\-	\-	\-	\-	\-	\-	✔	✔	\-	\-	\-	\-	\-
740	Eframing Command Version	:ref:`CrDeviceProperty_EframingCommandVersion<dp-EframingCommandVersion>`	R	\-	\-	\-	\-	\-	\-	\-	\-	\-	\-	\-	\-	\-	\-	\-	\-	\-	\-	\-	\-	✔	✔	\-	\-	\-	\-	\-
741	Eframing Auto Eframing	:ref:`CrDeviceProperty_EframingAutoFraming<dp-EframingAutoFraming>`	R	\-	\-	\-	\-	\-	\-	\-	\-	\-	\-	\-	\-	\-	\-	\-	\-	\-	\-	\-	\-	✔	✔	\-	\-	\-	\-	\-
742	Eframing Tracking Start Mode	:ref:`CrDeviceProperty_EframingTrackingStartMode<dp-EframingTrackingStartMode>`	R	\-	\-	\-	\-	\-	\-	\-	\-	\-	\-	\-	\-	\-	\-	\-	\-	\-	\-	\-	\-	✔	✔	\-	\-	\-	\-	\-
743	Eframing Production Effect	:ref:`CrDeviceProperty_EframingProductionEffect<dp-EframingProductionEffect>`	R	\-	\-	\-	\-	\-	\-	\-	\-	\-	\-	\-	\-	\-	\-	\-	\-	\-	\-	\-	\-	✔	✔	\-	\-	\-	\-	\-
744	Eframing Speed (PTZ)	:ref:`CrDeviceProperty_EframingSpeedPTZ<dp-EframingSpeedPTZ>`	R	\-	\-	\-	\-	\-	\-	\-	\-	\-	\-	\-	\-	\-	\-	\-	\-	\-	\-	\-	\-	✔	✔	\-	\-	\-	\-	\-
745	Recording Resolution for RTSP (Movie)	:ref:`CrDeviceProperty_Movie_RecordingResolutionForRTSP<dp-Movie_RecordingResolutionForRTSP>`	R	\-	\-	\-	\-	\-	\-	\-	\-	\-	\-	\-	\-	\-	\-	\-	\-	\-	\-	\-	\-	\-	\-	\-	\-	\-	\-	\-
746	Recording Frame Rate RTSP Setting(Movie)	:ref:`CrDeviceProperty_Movie_RecordingFrameRateRTSPSetting<dp-Movie_RecordingFrameRateRTSPSetting>`	R	\-	\-	\-	\-	\-	\-	\-	\-	\-	\-	\-	\-	\-	\-	\-	\-	\-	\-	\-	\-	\-	\-	\-	\-	\-	\-	\-
747	Picture Cache Rec Setting	:ref:`CrDeviceProperty_PictureCacheRecSetting<dp-PictureCacheRecSetting>`	R	\-	\-	\-	\-	\-	\-	\-	\-	\-	\-	\-	\-	\-	\-	\-	\-	\-	\-	\-	\-	✔	\-	\-	\-	\-	✔	\-
748	Picture Cache Rec Size and Time	:ref:`CrDeviceProperty_PictureCacheRecSizeAndTime<dp-PictureCacheRecSizeAndTime>`	R	\-	\-	\-	\-	\-	\-	\-	\-	\-	\-	\-	\-	\-	\-	\-	\-	\-	\-	\-	\-	✔	\-	\-	\-	\-	✔	\-
749	Interval REC(Movie) Frames	:ref:`CrDeviceProperty_Movie_IntervalRecFrames<dp-Movie_IntervalRecFrames>`	R	\-	\-	\-	\-	\-	\-	\-	\-	\-	\-	\-	\-	\-	\-	\-	\-	\-	\-	\-	\-	\-	\-	\-	\-	\-	✔	\-
750	Imager Scan Mode	:ref:`CrDeviceProperty_ImagerScanMode<dp-ImagerScanMode>`	R	\-	\-	\-	\-	\-	\-	\-	\-	\-	\-	\-	\-	\-	\-	\-	\-	\-	\-	\-	\-	\-	\-	\-	\-	\-	✔	\-
751	Recording Resolution For RAW(Movie)	:ref:`CrDeviceProperty_Movie_RecordingResolutionForRAW<dp-Movie_RecordingResolutionForRAW>`	R	\-	\-	\-	\-	\-	\-	\-	\-	\-	\-	\-	\-	\-	\-	\-	\-	\-	\-	\-	\-	\-	\-	\-	\-	\-	✔	\-
752	Shooting Enable Setting License	:ref:`CrDeviceProperty_ShootingEnableSettingLicense<dp-ShootingEnableSettingLicense>`	R/T	\-	✔	\-	\-	\-	\-	\-	\-	\-	\-	\-	\-	\-	✔	\-	\-	\-	\-	\-	\-	\-	\-	\-	\-	\-	\-	\-
753	Video Recording Format Bitrate Setting	:ref:`CrDeviceProperty_VideoRecordingFormatBitrateSetting<dp-VideoRecordingFormatBitrateSetting>`	R	\-	\-	\-	\-	\-	\-	\-	\-	\-	\-	\-	\-	\-	\-	\-	\-	\-	\-	\-	\-	\-	\-	\-	\-	\-	\-	\*1
754	Video Recording Format Quality	:ref:`CrDeviceProperty_VideoRecordingFormatQuality<dp-VideoRecordingFormatQuality>`	R	\-	\-	\-	\-	\-	\-	\-	\-	\-	\-	\-	\-	\-	\-	\-	\-	\-	\-	\-	\-	\-	\-	\-	\-	\-	\-	✔
755	LiveView Image Quality by Numerical Value	:ref:`CrDeviceProperty_LiveViewImageQualityByNumericalValue<dp-LiveViewImageQualityByNumericalValue>`	R	\-	\-	\-	\-	\-	\-	\-	\-	\-	\-	\-	\-	\-	\-	\-	\-	\-	\-	\-	\-	\-	\-	\-	\-	\-	✔	✔
756	Lens Serial Number	:ref:`CrDeviceProperty_LensSerialNumber<dp-LensSerialNumber>`	R	\-	\-	\-	\-	\-	\-	\-	\-	\-	\-	\-	\-	\-	\-	\-	\-	\-	\-	\-	\-	\-	\-	\-	\-	\-	✔	\-
757	Video Stream Select	:ref:`CrDeviceProperty_VideoStreamSelect<dp-VideoStreamSelect>`	R/T	\-	\-	\-	\-	\-	\-	\-	\-	\-	\-	\-	\-	\-	\-	\-	\-	\-	\-	\-	\-	✔	✔	\-	\-	\-	\-	\-
758	Stream Display Name	:ref:`CrDeviceProperty_StreamDisplayName<dp-StreamDisplayName>`	R	\-	\-	\-	\-	\-	\-	\-	\-	\-	\-	\-	\-	\-	\-	\-	\-	\-	\-	\-	\-	✔	✔	\-	\-	\-	\-	\-
759	Video Stream Resolution	:ref:`CrDeviceProperty_VideoStreamResolution<dp-VideoStreamResolution>`	R/T	\-	\-	\-	\-	\-	\-	\-	\-	\-	\-	\-	\-	\-	\-	\-	\-	\-	\-	\-	\-	✔	✔	\-	\-	\-	\-	\-
760	Video Stream Max Bit Rate	:ref:`CrDeviceProperty_VideoStreamMaxBitRate<dp-VideoStreamMaxBitRate>`	R	\-	\-	\-	\-	\-	\-	\-	\-	\-	\-	\-	\-	\-	\-	\-	\-	\-	\-	\-	\-	✔	✔	\-	\-	\-	\-	\-
761	Video Stream Adaptive Rate Control	:ref:`CrDeviceProperty_VideoStreamAdaptiveRateControl<dp-VideoStreamAdaptiveRateControl>`	R	\-	\-	\-	\-	\-	\-	\-	\-	\-	\-	\-	\-	\-	\-	\-	\-	\-	\-	\-	\-	✔	✔	\-	\-	\-	\-	\-
762	Video Stream Codec	:ref:`CrDeviceProperty_VideoStreamCodec<dp-VideoStreamCodec>`	R/T	\-	\-	\-	\-	\-	\-	\-	\-	\-	\-	\-	\-	\-	\-	\-	\-	\-	\-	\-	\-	✔	✔	\-	\-	\-	\-	\-
763	Video Stream Resolution Method	:ref:`CrDeviceProperty_VideoStreamResolutionMethod<dp-VideoStreamResolutionMethod>`	R	\-	\-	\-	\-	\-	\-	\-	\-	\-	\-	\-	\-	\-	\-	\-	\-	\-	\-	\-	\-	\*1	\*1	\-	\-	\-	\-	\-
764	Video Stream Movie Rec Permission	:ref:`CrDeviceProperty_VideoStreamMovieRecPermission<dp-VideoStreamMovieRecPermission>`	R	\-	\-	\-	\-	\-	\-	\-	\-	\-	\-	\-	\-	\-	\-	\-	\-	\-	\-	\-	\-	\*1	\*1	\-	\-	\-	\-	\-
765	Video Stream Bit Rate Compression Mode	:ref:`CrDeviceProperty_VideoStreamBitRateCompressionMode<dp-VideoStreamBitRateCompressionMode>`	R/T	\-	\-	\-	\-	\-	\-	\-	\-	\-	\-	\-	\-	\-	\-	\-	\-	\-	\-	\-	\-	✔	✔	\-	\-	\-	\-	\-
766	Video Stream Bit Rate VBR Mode	:ref:`CrDeviceProperty_VideoStreamBitRateVBRMode<dp-VideoStreamBitRateVBRMode>`	R	\-	\-	\-	\-	\-	\-	\-	\-	\-	\-	\-	\-	\-	\-	\-	\-	\-	\-	\-	\-	\*1	\*1	\-	\-	\-	\-	\-
767	Stream Latency	:ref:`CrDeviceProperty_StreamLatency<dp-StreamLatency>`	R	\-	\-	\-	\-	\-	\-	\-	\-	\-	\-	\-	\-	\-	\-	\-	\-	\-	\-	\-	\-	\*1	\*1	\-	\-	\-	\-	\-
768	Stream TTL	:ref:`CrDeviceProperty_StreamTTL<dp-StreamTTL>`	R	\-	\-	\-	\-	\-	\-	\-	\-	\-	\-	\-	\-	\-	\-	\-	\-	\-	\-	\-	\-	\*1	\*1	\-	\-	\-	\-	\-
769	Stream Cipher Type	:ref:`CrDeviceProperty_StreamCipherType<dp-StreamCipherType>`	R	\-	\-	\-	\-	\-	\-	\-	\-	\-	\-	\-	\-	\-	\-	\-	\-	\-	\-	\-	\-	\*1	\*1	\-	\-	\-	\-	\-
770	Stream Mode Setting	:ref:`CrDeviceProperty_StreamModeSetting<dp-StreamModeSetting>`	R	\-	\-	\-	\-	\-	\-	\-	\-	\-	\-	\-	\-	\-	\-	\-	\-	\-	\-	\-	\-	\*1	\*1	\-	\-	\-	\-	\-
771	Audio Stream Codec Type	:ref:`CrDeviceProperty_AudioStreamCodecType<dp-AudioStreamCodecType>`	R	\-	\-	\-	\-	\-	\-	\-	\-	\-	\-	\-	\-	\-	\-	\-	\-	\-	\-	\-	\-	\*1	\*1	\-	\-	\-	\-	\-
772	Audio Stream Sampling Frequency	:ref:`CrDeviceProperty_AudioStreamSamplingFrequency<dp-AudioStreamSamplingFrequency>`	R	\-	\-	\-	\-	\-	\-	\-	\-	\-	\-	\-	\-	\-	\-	\-	\-	\-	\-	\-	\-	\*1	\*1	\-	\-	\-	\-	\-
773	Audio Stream Bit Depth	:ref:`CrDeviceProperty_AudioStreamBitDepth<dp-AudioStreamBitDepth>`	R	\-	\-	\-	\-	\-	\-	\-	\-	\-	\-	\-	\-	\-	\-	\-	\-	\-	\-	\-	\-	\*1	\*1	\-	\-	\-	\-	\-
774	Audio Stream Channel	:ref:`CrDeviceProperty_AudioStreamChannel<dp-AudioStreamChannel>`	R	\-	\-	\-	\-	\-	\-	\-	\-	\-	\-	\-	\-	\-	\-	\-	\-	\-	\-	\-	\-	\*1	\*1	\-	\-	\-	\-	\-
775	Home Menu Setting	:ref:`CrDeviceProperty_HomeMenuSetting<dp-HomeMenuSetting>`	R/T	\-	\-	\-	\-	\-	\-	\-	\-	\-	\-	\-	\-	\-	\-	\-	\-	✔	\-	\-	\-	\-	\-	\-	\-	\-	\-	\-
776	Custom Grid Line File Command Version	:ref:`CrDeviceProperty_CustomGridLineFileCommandVersion<dp-CustomGridLineFileCommandVersion>`	R/T	\-	✔	\-	\-	\-	\-	\-	\-	\-	\-	\-	\-	\-	✔	\-	\-	\-	\-	\-	\-	\-	\-	\-	\-	\-	\-	\-
777	Grid Line Display Playback	:ref:`CrDeviceProperty_GridLineDisplayPlayback<dp-GridLineDisplayPlayback>`	R/T	\-	✔	\-	\-	\-	\-	\-	\-	\-	\-	\-	\-	\-	✔	\-	\-	\-	\-	\-	\-	\-	\-	\-	\-	\-	\-	\-
778	Grid Line Type	:ref:`CrDeviceProperty_GridLineType<dp-GridLineType>`	R/T	\-	✔	\-	\-	\-	\-	\-	\-	\-	\-	\-	\-	\-	✔	\-	\-	\-	\-	\-	\-	\-	\-	\-	\-	\-	\-	\-
779	High Resolution Shutter Speed Adjust	:ref:`CrDeviceProperty_HighResolutionShutterSpeedAdjust<dp-HighResolutionShutterSpeedAdjust>`	T	\-	\-	\-	\-	\-	\-	\-	\-	\-	\-	\-	\-	\-	\-	\-	\-	✔	\-	\-	\-	\-	\-	\-	\-	\-	\-	\-
780	High Resolution Shutter Speed Adjust in Integral Multiples	:ref:`CrDeviceProperty_HighResolutionShutterSpeedAdjustInIntegralMultiples<dp-HighResolutionShutterSpeedAdjustInIntegralMultiples>`	R/T	\-	\-	\-	\-	\-	\-	\-	\-	\-	\-	\-	\-	\-	\-	\-	\-	✔	\-	\-	\-	\-	\-	\-	\-	\-	\-	\-
781	Top of the Group Shooting Mark Setting	:ref:`CrDeviceProperty_TopOfTheGroupShootingMarkSetting<dp-TopOfTheGroupShootingMarkSetting>`	R/T	\-	\-	\-	\-	\-	\-	\-	\-	\-	\-	\-	\-	\-	\-	\-	\-	✔	\-	\-	\-	\-	\-	\-	\-	\-	\-	\-
782	Digital Extender Magnification Setting	:ref:`CrDeviceProperty_DigitalExtenderMagnificationSetting<dp-DigitalExtenderMagnificationSetting>`	R/T	\-	\-	\-	\-	\-	\-	\-	\-	\-	\-	\-	\-	\-	\-	\-	\-	\-	\-	\-	\-	✔	✔	\-	\-	\-	\-	\-
783	Area/TimeZone Setting Version	:ref:`CrDeviceProperty_AreaTimeZoneSettingVersion<dp-AreaTimeZoneSettingVersion>`	R/T	\-	✔	✔	✔	\-	\-	\-	\-	✔	✔	✔	✔	\-	✔	\-	\-	✔	\-	\-	\-	\-	\-	\-	\-	\-	\-	\-
784	Displayed Menu Status	:ref:`CrDeviceProperty_DisplayedMenuStatus<dp-DisplayedMenuStatus>`	R	\-	\-	\-	\-	\-	\-	\-	\-	\-	\-	\-	\-	\-	\-	\-	\-	\-	\-	\-	\-	✔	✔	\-	\-	\-	\*1	\*1
785	Playback Contents Name	:ref:`CrDeviceProperty_PlaybackContentsName<dp-PlaybackContentsName>`	R	\-	\-	\-	\-	\-	\-	\-	\-	\-	\-	\-	\-	\-	\-	\-	\-	\-	\-	\-	\-	✔	✔	\-	\-	\-	\-	✔
786	Playback Contents Number	:ref:`CrDeviceProperty_PlaybackContentsNumber<dp-PlaybackContentsNumber>`	R	\-	\-	\-	\-	\-	\-	\-	\-	\-	\-	\-	\-	\-	\-	\-	\-	\-	\-	\-	\-	✔	✔	\-	\-	\-	\-	✔
787	Playback Contents Total Number	:ref:`CrDeviceProperty_PlaybackContentsTotalNumber<dp-PlaybackContentsTotalNumber>`	R	\-	\-	\-	\-	\-	\-	\-	\-	\-	\-	\-	\-	\-	\-	\-	\-	\-	\-	\-	\-	✔	✔	\-	\-	\-	\-	✔
788	Playback Contents Recording DateTime	:ref:`CrDeviceProperty_PlaybackContentsRecordingDateTime<dp-PlaybackContentsRecordingDateTime>`	R	\-	\-	\-	\-	\-	\-	\-	\-	\-	\-	\-	\-	\-	\-	\-	\-	\-	\-	\-	\-	✔	✔	\-	\-	\-	\-	✔
789	Playback Contents Recording Resolution	:ref:`CrDeviceProperty_PlaybackContentsRecordingResolution<dp-PlaybackContentsRecordingResolution>`	R	\-	\-	\-	\-	\-	\-	\-	\-	\-	\-	\-	\-	\-	\-	\-	\-	\-	\-	\-	\-	✔	✔	\-	\-	\-	\-	✔
790	Playback Contents Recording FrameRate	:ref:`CrDeviceProperty_PlaybackContentsRecordingFrameRate<dp-PlaybackContentsRecordingFrameRate>`	R	\-	\-	\-	\-	\-	\-	\-	\-	\-	\-	\-	\-	\-	\-	\-	\-	\-	\-	\-	\-	✔	✔	\-	\-	\-	\-	✔
791	Playback Contents Recording File Format	:ref:`CrDeviceProperty_PlaybackContentsRecordingFileFormat<dp-PlaybackContentsRecordingFileFormat>`	R	\-	\-	\-	\-	\-	\-	\-	\-	\-	\-	\-	\-	\-	\-	\-	\-	\-	\-	\-	\-	✔	✔	\-	\-	\-	\-	✔
792	Playback Contents Gamma Type	:ref:`CrDeviceProperty_PlaybackContentsGammaType<dp-PlaybackContentsGammaType>`	R	\-	\-	\-	\-	\-	\-	\-	\-	\-	\-	\-	\-	\-	\-	\-	\-	\-	\-	\-	\-	\-	\-	\-	\-	\-	\-	✔
793	BaseLook Name of Playback	:ref:`CrDeviceProperty_BaseLookNameofPlayback<dp-BaseLookNameofPlayback>`	R	\-	\-	\-	\-	\-	\-	\-	\-	\-	\-	\-	\-	\-	\-	\-	\-	\-	\-	\-	\-	\-	\-	\-	\-	\-	\-	✔
794	BaseLook Applied of Playback	:ref:`CrDeviceProperty_BaseLookAppliedofPlayback<dp-BaseLookAppliedofPlayback>`	R	\-	\-	\-	\-	\-	\-	\-	\-	\-	\-	\-	\-	\-	\-	\-	\-	\-	\-	\-	\-	\-	\-	\-	\-	\-	\-	✔
795	Monitoring Output Display Setting Dest Assign	:ref:`CrDeviceProperty_MonitoringOutputDisplaySettingDestAssign<dp-MonitoringOutputDisplaySettingDestAssign>`	R	\-	\-	\-	\-	\-	\-	\-	\-	\-	\-	\-	\-	\-	\-	\-	\-	\-	\-	\-	\-	\-	\-	\-	\-	\-	\-	✔
796	Focus Mode Status	:ref:`CrDeviceProperty_FocusModeStatus<dp-FocusModeStatus>`	R	\-	\-	\-	\-	\-	\-	\-	\-	\-	\-	\-	\-	\-	\-	\-	\-	\-	\-	\-	\-	\-	\-	\-	\-	\-	\-	\*1
797	Focus Operation with Int16 Enable Status	:ref:`CrDeviceProperty_FocusOperationWithInt16EnableStatus<dp-FocusOperationWithInt16EnableStatus>`	R	\-	\-	\-	\-	\-	\-	\-	\-	\-	\-	\-	\-	\-	\-	\-	\-	\-	\-	\-	\-	\-	\-	\-	\-	\-	\-	✔
798	Valid Recording Video Format	:ref:`CrDeviceProperty_ValidRecordingVideoFormat<dp-ValidRecordingVideoFormat>`	R	\-	\-	\-	\-	\-	\-	\-	\-	\-	\-	\-	\-	\-	\-	\-	\-	\-	\-	\-	\-	\-	\-	\-	\-	\-	\-	\*1
799	Maximum Size of ImageID String	:ref:`CrDeviceProperty_MaximumSizeOfImageIDString<dp-MaximumSizeOfImageIDString>`	R/T	\-	✔	\-	\-	\-	\-	\-	\-	\-	\-	\-	\-	\-	✔	\-	\-	\-	\-	\-	\-	\-	\-	\-	\-	\-	\-	\-
800	Video Stream Setting Version	:ref:`CrDeviceProperty_VideoStreamSettingVersion<dp-VideoStreamSettingVersion>`	R/T	\-	\-	\-	\-	\-	\-	\-	\-	\-	\-	\-	\-	\-	\-	\-	\-	\-	\-	\-	\-	✔	✔	\-	\-	\-	\-	\-
801	Stream Button Enable Status	:ref:`CrDeviceProperty_StreamButtonEnableStatus<dp-StreamButtonEnableStatus>`	R	\-	\-	\-	\-	\-	\-	\-	\-	\-	\-	\-	\-	\-	\-	\-	\-	\-	\-	\-	\-	✔	✔	\-	\-	\-	\-	\-
802	Movie Rec Review Playing State	:ref:`CrDeviceProperty_MovieRecReviewPlayingState<dp-MovieRecReviewPlayingState>`	R	\-	\-	\-	\-	\-	\-	\-	\-	\-	\-	\-	\-	\-	\-	\-	\-	\-	\-	\-	\-	\-	\-	\-	\-	\-	\-	✔
